case,seed,method,electrical_accepted,mechanical_accepted,full_accepted,attempts_standstill,attempts_rotating,attempts_mechanical,retry_count,state,reasons,terminal_reason,operating_feasible,voltage_margin_v,current_margin_a,bus_voltage_v,estimate_Rs,error_Rs_percent,estimate_Ld,error_Ld_percent,estimate_Lq,error_Lq_percent,estimate_psi_f,error_psi_f_percent,estimate_J,error_J_percent,estimate_B,error_B_percent,all_six_available,all_six_accurate,electrical_accurate,mechanical_accurate,control_postload_speed_rmse_rpm,control_postload_iq_rmse_a,control_recovery_time_s,control_success
normal_low,57172355,one_shot,True,True,True,1,1,1,0,full_accepted,,,True,3.5982316314693765,4.507604403510827,24.0,0.4563253191418998,0.02593422404942869,0.0011440628084119725,0.1294770292202374,0.0007767077696371179,0.07541705442450919,0.023950187977775914,0.0007908056548489029,0.0007411655329407783,0.20127423987766901,0.00019822241322422346,0.7456710571327907,True,True,True,True,1.1905659565658526,0.0027761922596609553,0.0,True
normal_low,57172355,adaptive,True,True,True,1,1,1,0,operating_feasible,,,True,3.5982316314693765,4.507604403510827,24.0,0.4563253191418998,0.02593422404942869,0.0011440628084119725,0.1294770292202374,0.0007767077696371179,0.07541705442450919,0.023950187977775914,0.0007908056548489029,0.0007411655329407783,0.20127423987766901,0.00019822241322422346,0.7456710571327907,True,True,True,True,1.1905659565658526,0.0027761922596609553,0.0,True
weak_electrical,956624810,one_shot,False,False,False,1,1,0,0,rejected,standstill.noise_information,,,,,24.0,0.5566595476842976,0.23910387704144664,0.0012090736393233774,6.225201260954238,0.0010605699121826783,5.780357079728327,0.02577677769105766,0.3176699466770905,,,,,False,False,True,False,,,,
weak_electrical,956624810,adaptive,True,True,True,2,1,1,1,operating_feasible,,,True,2.815777660695213,4.609700517490785,24.0,0.5555321882780991,0.03609739472241191,0.0012686504261228276,1.604472622156039,0.0011091104823479506,1.4680763563330812,0.02583637573150642,0.0871961609406613,0.0007340661872838785,0.2408970322158699,0.00010030146131951559,0.08064759260597576,True,True,True,True,1.2011354524688447,0.0025787922740365303,0.0,True
weak_flux,1813906486,one_shot,True,True,True,1,1,1,0,full_accepted,,,True,2.0187093514203056,4.633310344241062,24.0,0.5045219275710106,0.00013172797278526716,0.0008842128015142578,0.02823328647774126,0.0009015821323593058,0.15141694790188343,0.027816824272475716,0.006702678594949774,0.0007910479322992659,0.03960267196364553,0.00010696024153119006,0.6631026696424347,True,True,True,True,1.1155123410469685,0.00239263025298773,0.0,True
weak_flux,1813906486,adaptive,True,True,True,1,1,1,0,operating_feasible,,,True,2.0187093514203056,4.633310344241062,24.0,0.5045219275710106,0.00013172797278526716,0.0008842128015142578,0.02823328647774126,0.0009015821323593058,0.15141694790188343,0.027816824272475716,0.006702678594949774,0.0007910479322992659,0.03960267196364553,0.00010696024153119006,0.6631026696424347,True,True,True,True,1.1155123410469685,0.00239263025298773,0.0,True
weak_mechanical,31213943,one_shot,True,False,False,1,1,1,0,rejected,mechanical.noise_information; mechanical.insufficient_excitation,,,,,24.0,0.5884171896594799,0.01831799384646171,0.0011517337690700891,0.021537537427751552,0.0011845764992669244,0.036881601979277256,0.015547289505837189,0.00037881359485902877,0.0005072982813749125,9.316636413183844,0.00023972995690572672,0.4664046604293981,True,True,True,True,,,,
weak_mechanical,31213943,adaptive,True,True,True,1,1,4,3,operating_feasible,,,True,6.859712829120006,4.196340348324783,24.0,0.5884171896594799,0.01831799384646171,0.0011517337690700891,0.021537537427751552,0.0011845764992669244,0.036881601979277256,0.015547289505837189,0.00037881359485902877,0.0005576025310820144,0.3243753832675944,0.00023843042398254935,0.07820562613911619,True,True,True,True,1.5820397205534071,0.004271074179423305,0.0,True
combined_weak,154540383,one_shot,False,False,False,1,1,0,0,rejected,standstill.noise_information; rotating.weak_back_emf,,,,,24.0,0.47526612056170253,0.09982302412945288,0.001090466596274752,4.425798463435482,0.001120840005339903,5.439944570536759,0.022832236449915208,0.06942936704015246,,,,,False,False,True,False,,,,
combined_weak,154540383,adaptive,True,True,True,2,2,3,4,operating_feasible,,,True,4.034502849624795,4.496847440383842,24.0,0.47358269693264865,0.25473708451826393,0.0011305830186293512,0.9097851823845704,0.0011699443007378442,1.297243674304971,0.022871815396360604,0.2428964995493832,0.00038468581566534517,0.30099978168732777,0.00018189571525178733,0.14642719173973973,True,True,True,True,2.300223802266348,0.0029222230938606908,0.0,True
medium_noise,865346787,one_shot,True,True,True,1,1,1,0,full_accepted,,,True,5.99416343834454,4.397703315059269,24.0,0.5380421170468158,0.18405671456996897,0.001066020308014538,0.28281675639016957,0.0011509746934424653,0.5611431098110575,0.0179832780207905,0.031358253092328425,0.00029933446527150443,0.26088256034489943,0.00014312115608570593,0.9723728364340767,True,True,True,True,2.949957704518383,0.003701145097730261,0.0,True
medium_noise,865346787,adaptive,True,True,True,1,1,1,0,operating_feasible,,,True,5.99416343834454,4.397703315059269,24.0,0.5380421170468158,0.18405671456996897,0.001066020308014538,0.28281675639016957,0.0011509746934424653,0.5611431098110575,0.0179832780207905,0.031358253092328425,0.00029933446527150443,0.26088256034489943,0.00014312115608570593,0.9723728364340767,True,True,True,True,2.949957704518383,0.003701145097730261,0.0,True
high_noise,1569030754,one_shot,False,False,False,1,1,0,0,rejected,standstill: Locked-rotor identification requires near-zero measured speed,,,,,24.0,,,,,,,,,,,,,False,False,False,False,,,,
high_noise,1569030754,adaptive,False,False,False,1,0,0,0,terminal_rejected,standstill.estimator_failure: Locked-rotor identification requires near-zero measured speed,standstill.unsupported_diagnostic,,,,24.0,,,,,,,,,,,,,False,False,False,False,,,,
zero_standstill,108264470,one_shot,False,False,False,1,1,0,0,rejected,standstill: Electrical estimates must be positive,,,,,24.0,,,,,,,,,,,,,False,False,False,False,,,,
zero_standstill,108264470,adaptive,True,True,True,2,1,1,1,operating_feasible,,,True,5.831810525180419,4.306234718113923,24.0,0.6359062643683432,0.1142780725603254,0.001071351155217936,3.069355459030343,0.0011763121710587148,2.5808017695959196,0.018086706457661698,0.054888094310956426,0.000401935913823026,0.05327325524342452,0.00024147854428275826,0.08930225139853754,True,True,True,True,2.197248941729378,0.003692551562013696,0.0,True
voltage_infeasible,869079069,one_shot,True,True,True,1,1,1,0,full_accepted,,,False,-8.83453129407329,4.370940485996733,12.0,0.46319158065510274,0.0007803641930204108,0.0008672997950367241,0.02181276063712989,0.0007852645058118239,0.036993900698034654,0.01846108944316582,0.002397963429512373,0.0005803393428444681,0.2501062849749158,9.395908009929078e-05,1.0040358567046326,True,True,True,True,,,,
voltage_infeasible,869079069,adaptive,True,True,True,1,1,1,0,operating_infeasible,,,False,-8.83453129407329,4.370940485996733,12.0,0.46319158065510274,0.0007803641930204108,0.0008672997950367241,0.02181276063712989,0.0007852645058118239,0.036993900698034654,0.01846108944316582,0.002397963429512373,0.0005803393428444681,0.2501062849749158,9.395908009929078e-05,1.0040358567046326,True,True,True,True,,,,
