motor_id,scenario,status,initial_speed_rpm,target_speed_rpm,load_torque_nm,dc_bus_voltage_v,current_limit_a,deadline_s,speed_tolerance_fraction,minimum_speed_tolerance_rpm,hold_time_s,exact_target_steady_feasible,tolerance_band_steady_feasible,quasi_steady_band_reachable,quasi_steady_transition_time_estimate_s,quasi_steady_completion_time_estimate_s,quasi_steady_deadline_met,limiting_speed_rpm,bottleneck_speed_rpm,quasi_steady_minimum_acceleration_margin_rad_s2,integration_converged,integration_change_s,current_limited_on_path,voltage_limited_on_path,coincident_limits_on_path,limiting_factors,prediction_success,actual_success,prediction_first_entry_s,actual_first_entry_s,prediction_qualified_entry_s,actual_qualified_entry_s,prediction_hold_completion_s,actual_hold_completion_s,qualified_entry_error_s,prediction_in_band_at_deadline,actual_in_band_at_deadline,prediction_saturation_fraction,actual_saturation_fraction,prediction_max_voltage_utilization,actual_max_voltage_utilization,prediction_max_measured_current_a,actual_max_measured_current_a,prediction_minimum_speed_rpm,actual_minimum_speed_rpm,actual_final_speed_rpm,reasons,actual_reasons
0,fast_easy,evaluated,0,250,0.02,24,3,0.6,0.01,1.0,0.1,True,True,True,0.04584507798959445,0.14584507798959445,True,,247.5,562.0119442255881,True,1.2182588271514305e-11,True,False,False,current,True,True,0.053160000000000006,0.053200000000000004,0.09504,0.09504,0.19504000000000002,0.19504000000000002,0.0,True,True,0.0,0.0,0.3447958623383594,0.3447958623383594,3.0000003973859304,3.0000039746923695,-0.0013931707165577658,-0.001397033428388055,250.0000000000069,dynamic.reverse_speed_excursion,dynamic.reverse_speed_excursion
0,deadline_limited,evaluated,0,1000,0.005,48,0.20116947733348295,0.6,0.01,1.0,0.1,True,True,True,6.275982716809424,6.375982716809424,False,,990.0,6.620015561775407,True,5.783675846249281e-05,True,False,False,current,False,False,,,,,,,,False,False,0.0,0.0,0.06982512438103383,0.06979669833784019,0.20116950047777005,0.20116971001056702,-0.002755394865586639,-0.0027549385517101756,176.6177859842345,dynamic.quasi_steady_deadline_exceeded;dynamic.controller_hold_deadline;dynamic.reverse_speed_excursion,dynamic.controller_hold_deadline;dynamic.reverse_speed_excursion
0,longer_deadline,evaluated,0,1000,0.005,48,0.20116947733348295,4,0.01,1.0,0.1,True,True,True,6.275982716809424,6.375982716809424,False,,990.0,6.620015561775407,True,5.783675846249281e-05,True,False,False,current,False,False,,,,,,,,False,False,0.0,0.0,0.3039722638020939,0.3042512601860383,0.20116950047777005,0.20116971001056702,-0.002755394865586639,-0.0027549385517101756,795.0776567607195,dynamic.quasi_steady_deadline_exceeded;dynamic.controller_hold_deadline;dynamic.reverse_speed_excursion,dynamic.controller_hold_deadline;dynamic.reverse_speed_excursion
0,current_limited,evaluated,0,1000,0.005,48,0.8,0.6,0.01,1.0,0.1,True,True,True,0.7495452743201385,0.8495452743201385,False,,990.0,125.39719143205288,True,5.3737747807147684e-08,True,False,False,current,False,False,,,,,,,,False,False,0.0,0.0,0.3172559908223314,0.31712874938241126,0.8000001057149718,0.8000010624254026,-0.00020369544520926314,-0.00020482661770482972,806.4799822646794,dynamic.quasi_steady_deadline_exceeded;dynamic.controller_hold_deadline;dynamic.reverse_speed_excursion,dynamic.controller_hold_deadline;dynamic.reverse_speed_excursion
0,voltage_high_speed,evaluated,0,2000,0.05,37.17910761373029,5,0.6,0.01,1.0,0.1,True,True,True,0.24603673621105562,0.34603673621105563,True,,1980.0,201.91481354649525,True,4.587599584623958e-05,True,True,False,current;voltage,True,True,0.24716000000000005,0.24724000000000004,0.24716000000000005,0.24724000000000004,0.34716,0.34724,-7.999999999999674e-05,True,True,0.1148,0.114,1.0000000000000002,1.0000000000000002,5.000000653262671,5.0000064772282,-0.010712788487815249,-0.010714170540492767,2000.0000025099396,dynamic.reverse_speed_excursion,dynamic.reverse_speed_excursion
0,tolerance_boundary,evaluated,0,1000,0.05,18.4242345786282,5,0.6,0.01,1.0,0.1,False,True,True,0.16564601780331806,0.2656460178033181,True,,990.0,26.008665145972998,True,4.7287708367760306e-05,True,True,False,current;voltage,True,True,0.17000000000000004,0.16972000000000004,0.17000000000000004,0.16972000000000004,0.27,0.26972,0.00028000000000000247,True,True,0.8432,0.8431333333333333,1.0000000000000004,1.0000000000000004,5.000000653262671,5.0000064772282,-0.010712788487815249,-0.010714170540492767,993.0391581137776,dynamic.exact_target_steady_infeasible;dynamic.reverse_speed_excursion,dynamic.reverse_speed_excursion
0,unreachable,evaluated,0,2000,0.05,12,5,0.6,0.01,1.0,0.1,False,False,False,,,False,643.7352441581401,1980.0,-119.28511673305657,True,,True,True,False,current;voltage,False,False,,,,,,,,False,False,0.9103333333333333,0.9102666666666667,1.0000000000000002,1.0000000000000002,5.000000652678408,5.000006471422867,-0.012591395075884521,-0.012590627024298952,642.7204044413854,dynamic.exact_target_steady_infeasible;dynamic.tolerance_band_steady_infeasible;dynamic.quasi_steady_nonpositive_acceleration;dynamic.controller_hold_deadline;dynamic.reverse_speed_excursion,dynamic.controller_hold_deadline;dynamic.reverse_speed_excursion
0,moving_start,evaluated,397.4320582659908,1000,0.02,24,2,0.6,0.01,1.0,0.1,True,True,True,0.1765029476327097,0.2765029476327097,True,,990.0,343.6447991526213,True,6.955469811220638e-10,True,False,False,current,True,True,0.17960000000000004,0.17968000000000003,0.17960000000000004,0.17968000000000003,0.2796,0.27968,-7.999999999999674e-05,True,True,0.0,0.0,0.7934245372836757,0.7933767073072254,2.0000002504472367,2.000002512860231,397.42368027889546,397.4236956837146,1000.000000004253,,
1,fast_easy,evaluated,0,250,0.02,24,3,0.6,0.01,1.0,0.1,True,True,True,0.03740450491415575,0.13740450491415576,True,,247.5,689.5554171610364,True,6.730081769656948e-12,True,False,False,current,True,True,0.04492,0.04492,0.09184,0.09184,0.19184000000000004,0.19184000000000004,0.0,True,True,0.0,0.0,0.4628898371040515,0.4628898371040515,3.000000381501743,2.99999601384168,-0.0010932687172107638,-0.001100586417962354,250.0000000000061,dynamic.reverse_speed_excursion,dynamic.reverse_speed_excursion
1,deadline_limited,evaluated,0,1000,0.005,48,0.17483932515907583,0.6,0.01,1.0,0.1,True,True,True,5.7488075500541616,5.848807550054161,False,,990.0,7.8045345002749515,True,4.1487296602582546e-05,True,False,False,current,False,False,,,,,,,,False,False,0.0,0.0,0.07625626853907767,0.07625984643722283,0.17483934865743436,0.17483915735683198,-0.0034436299278610156,-0.0034466770761890043,184.05332493826268,dynamic.quasi_steady_deadline_exceeded;dynamic.controller_hold_deadline;dynamic.reverse_speed_excursion,dynamic.controller_hold_deadline;dynamic.reverse_speed_excursion
1,longer_deadline,evaluated,0,1000,0.005,48,0.17483932515907583,4,0.01,1.0,0.1,True,True,True,5.7488075500541616,5.848807550054161,False,,990.0,7.8045345002749515,True,4.1487296602582546e-05,True,False,False,current,False,False,,,,,,,,False,False,0.0,0.0,0.33242748671754124,0.3325704435501908,0.17483934865743436,0.1748392556878429,-0.0034436299278610156,-0.0034466770761890043,825.2821050491478,dynamic.quasi_steady_deadline_exceeded;dynamic.controller_hold_deadline;dynamic.reverse_speed_excursion,dynamic.controller_hold_deadline;dynamic.reverse_speed_excursion
1,current_limited,evaluated,0,1000,0.005,48,0.8,0.6,0.01,1.0,0.1,True,True,True,0.6014357564680672,0.7014357564680672,False,,990.0,159.26552304060374,True,2.8148333441890827e-08,True,False,False,current,False,False,,,,,,,,False,False,0.0,0.0,0.4063388349577541,0.406354487343784,0.8000001260801336,0.7999991000875154,-9.71131270310498e-05,-9.909292737633689e-05,986.9558530296019,dynamic.quasi_steady_deadline_exceeded;dynamic.controller_hold_deadline;dynamic.reverse_speed_excursion,dynamic.controller_hold_deadline;dynamic.reverse_speed_excursion
1,voltage_high_speed,evaluated,0,2000,0.05,39.16637869923589,5,0.6,0.01,1.0,0.1,True,True,True,0.2020088636466854,0.30200886364668544,True,,1980.0,232.45388610112508,True,4.106068181641831e-05,True,True,False,current;voltage,True,True,0.20368000000000003,0.20376000000000002,0.20368000000000003,0.20376000000000002,0.30368,0.30376000000000003,-7.999999999999674e-05,True,True,0.11793333333333333,0.11913333333333333,1.0000000000000002,1.0000000000000002,5.00000078660021,4.999993887275115,-0.011543374406535509,-0.011554149900547967,2000.0000003402738,dynamic.reverse_speed_excursion,dynamic.reverse_speed_excursion
1,tolerance_boundary,evaluated,0,1000,0.05,19.406403309012575,5,0.6,0.01,1.0,0.1,False,True,True,0.13795808323874667,0.23795808323874668,True,,990.0,30.53653350032912,True,4.024842296332376e-05,True,True,False,current;voltage,True,True,0.14224000000000003,0.14252000000000004,0.14224000000000003,0.14252000000000004,0.24224000000000004,0.24252000000000004,-0.00028000000000000247,True,True,0.8742,0.8742,1.0000000000000002,1.0000000000000002,5.00000078660021,4.999993733993161,-0.011543374406535509,-0.011554149900547967,992.0056755156955,dynamic.exact_target_steady_infeasible;dynamic.reverse_speed_excursion,dynamic.reverse_speed_excursion
1,unreachable,evaluated,0,2000,0.05,12,5,0.6,0.01,1.0,0.1,False,False,False,,,False,610.6292197823883,1980.0,-130.1905966988393,True,,True,True,False,current;voltage,False,False,,,,,,,,False,False,0.9332666666666667,0.9332666666666667,1.0000000000000002,1.0000000000000002,5.000000661141023,4.999993549822117,-0.01774395326346851,-0.017749437091327102,609.1475653473874,dynamic.exact_target_steady_infeasible;dynamic.tolerance_band_steady_infeasible;dynamic.quasi_steady_nonpositive_acceleration;dynamic.controller_hold_deadline;dynamic.reverse_speed_excursion,dynamic.controller_hold_deadline;dynamic.reverse_speed_excursion
1,moving_start,evaluated,288.9573025330116,1000,0.02,24,2,0.6,0.01,1.0,0.1,True,True,True,0.16816547233168902,0.268165472331689,True,,990.0,427.09044266491946,True,6.118657802645089e-10,True,False,False,current,True,True,0.17188000000000003,0.17192000000000002,0.17188000000000003,0.17192000000000002,0.27188,0.27192,-3.999999999998449e-05,True,True,0.0,0.0,0.8340519301067373,0.8340728621812836,2.0000003030501654,1.9999975857401153,288.9496839835395,288.9496827080267,1000.0000000034929,,
2,fast_easy,evaluated,0,250,0.02,24,3,0.6,0.01,1.0,0.1,True,True,True,0.06517003511078959,0.1651700351107896,True,,247.5,395.8600425107087,True,1.0678583017842413e-11,True,False,False,current,True,True,0.0722,0.0722,0.10268000000000001,0.10268000000000001,0.20268000000000003,0.20268000000000003,0.0,True,True,0.0,0.0,0.5192480823355204,0.5192480823355204,3.000000100448215,2.9999973471004293,-0.004184013392000325,-0.00418660212570091,250.00000000001432,dynamic.reverse_speed_excursion,dynamic.reverse_speed_excursion
2,deadline_limited,evaluated,0,1000,0.005,48,0.1922286561580869,0.6,0.01,1.0,0.1,True,True,True,8.890451618443786,8.990451618443785,False,,990.0,5.8026089735870405,True,3.984231762999002e-05,True,False,False,current,False,False,,,,,,,,False,False,0.0,0.0,0.032652396965898785,0.032664039844884384,0.19222866124273064,0.19222852970060222,-0.004446744418960235,-0.004448900418939648,112.75828746919751,dynamic.quasi_steady_deadline_exceeded;dynamic.controller_hold_deadline;dynamic.reverse_speed_excursion,dynamic.controller_hold_deadline;dynamic.reverse_speed_excursion
2,longer_deadline,evaluated,0,1000,0.005,48,0.1922286561580869,4,0.01,1.0,0.1,True,True,True,8.890451618443786,8.990451618443785,False,,990.0,5.8026089735870405,True,3.984231762999002e-05,True,False,False,current,False,False,,,,,,,,False,False,0.0,0.0,0.160719124884252,0.16104571436423523,0.19222866124273064,0.1922285778952616,-0.004446744418960235,-0.004448900418939648,599.6538619544151,dynamic.quasi_steady_deadline_exceeded;dynamic.controller_hold_deadline;dynamic.reverse_speed_excursion,dynamic.controller_hold_deadline;dynamic.reverse_speed_excursion
2,current_limited,evaluated,0,1000,0.005,48,0.8,0.6,0.01,1.0,0.1,True,True,True,1.0425179500962574,1.1425179500962575,False,,990.0,92.2542720517208,True,4.3953746642344527e-08,True,False,False,current,False,False,,,,,,,,False,False,0.0,0.0,0.16722621573215782,0.1672845733533991,0.8000000265088556,0.7999993415225564,-0.0009426724535779281,-0.0009433789962420086,587.3038084214742,dynamic.quasi_steady_deadline_exceeded;dynamic.controller_hold_deadline;dynamic.reverse_speed_excursion,dynamic.controller_hold_deadline;dynamic.reverse_speed_excursion
2,voltage_high_speed,evaluated,0,2000,0.05,26.100511068991455,5,0.6,0.01,1.0,0.1,True,True,True,0.3913820408190043,0.4913820408190043,True,,1980.0,85.44427078768275,True,0.00011089836586342106,True,True,False,current;voltage,True,True,0.44124,0.44132000000000005,0.44124,0.44132000000000005,0.54124,0.5413200000000001,-8.00000000000245e-05,True,True,0.5335333333333333,0.5336,1.0000000000000004,1.0000000000000002,5.0000001659806275,4.999995864386991,-0.01562657820336789,-0.015630082075671573,1998.7097495612825,dynamic.reverse_speed_excursion,dynamic.reverse_speed_excursion
2,tolerance_boundary,evaluated,0,1000,0.05,13.026226420260441,5,0.6,0.01,1.0,0.1,False,True,True,0.30217781010799705,0.402177810107997,True,,990.0,11.438577084261123,True,0.00010910554043169762,True,True,False,current;voltage,False,False,,,,,,,,False,False,0.8053333333333333,0.8053333333333333,1.0000000000000002,1.0000000000000002,5.000000165672152,4.999995768400299,-0.02611249285111979,-0.026122363928211455,987.342709720225,dynamic.exact_target_steady_infeasible;dynamic.controller_hold_deadline;dynamic.reverse_speed_excursion,dynamic.controller_hold_deadline;dynamic.reverse_speed_excursion
2,unreachable,evaluated,0,2000,0.05,12,5,0.6,0.01,1.0,0.1,False,False,False,,,False,914.3464985700441,1980.0,-97.4514939492084,True,,True,True,False,current;voltage,False,False,,,,,,,,False,False,0.8264,0.8264,1.0000000000000002,1.0000000000000002,5.0000001656550115,4.9999957608513075,-0.02814555882551972,-0.02815426914772146,907.6639491510789,dynamic.exact_target_steady_infeasible;dynamic.tolerance_band_steady_infeasible;dynamic.quasi_steady_nonpositive_acceleration;dynamic.controller_hold_deadline;dynamic.reverse_speed_excursion,dynamic.controller_hold_deadline;dynamic.reverse_speed_excursion
2,moving_start,evaluated,344.38967697427074,1000,0.02,24,2,0.6,0.01,1.0,0.1,True,True,True,0.27334706276281684,0.3733470627628168,True,,990.0,242.5579722053362,True,7.882557939709045e-10,True,False,False,current,True,True,0.27532,0.27524,0.27532,0.27524,0.37532000000000004,0.37524,8.00000000000245e-05,True,True,0.0,0.0,0.5816687870599881,0.5817022087648883,2.0000000628129677,1.999998373905192,344.38119107373325,344.38121340050924,1000.0000005600382,,
