target_speed_rpm,current_limit_a,optimistic_min_transition_time_s,reachable,integration_converged
250.0,0.4,0.480431447379057,True,True
250.0,0.5,0.3596224918851212,True,True
250.0,0.6000000000000001,0.28748264559237663,True,True
250.0,0.7000000000000001,0.23949083983913141,True,True
250.0,0.8,0.20524747001142507,True,True
250.0,0.9,0.17957988857045906,True,True
250.0,1.0,0.15962288027606586,True,True
250.0,1.1,0.14366041099313892,True,True
250.0,1.2000000000000002,0.1306017251503185,True,True
250.0,1.3,0.11972021706232991,True,True
250.0,1.4,0.11051312139772328,True,True
250.0,1.5,0.10262145558356583,True,True
250.0,1.6,0.09578203686131456,True,True
250.0,1.7000000000000002,0.0897975167638892,True,True
250.0,1.8000000000000003,0.0845170032542992,True,True
250.0,1.9,0.07982314805602864,True,True
250.0,2.0,0.07562331479289229,True,True
250.0,2.1,0.07184339839512112,True,True
250.0,2.2,0.06842341134992345,True,True
250.0,2.3000000000000003,0.06531427425511199,True,True
250.0,2.4,0.06247544394483806,True,True
250.0,2.5,0.059873134778410435,True,True
250.0,2.6,0.05747896693780001,True,True
250.0,2.7,0.05526892672887761,True,True
250.0,2.8000000000000003,0.0532225579715874,True,True
250.0,2.9,0.051322326691468,True,True
250.0,3.0,0.049553117271599965,True,True
325.0,0.4,0.6564798891614192,True,True
325.0,0.5,0.4846146256436664,True,True
325.0,0.6000000000000001,0.38438128003898675,True,True
325.0,0.7000000000000001,0.3186090665324306,True,True
325.0,0.8,0.27209955434363087,True,True
325.0,0.9,0.23745902804533178,True,True
325.0,1.0,0.21065291284254484,True,True
325.0,1.1,0.1892908799970557,True,True
325.0,1.2000000000000002,0.1718660166131809,True,True
325.0,1.3,0.15738095487403508,True,True
325.0,1.4,0.14514916406366785,True,True
325.0,1.5,0.1346825494900764,True,True
325.0,1.6,0.12562455727502256,True,True
325.0,1.7000000000000002,0.11770864170627912,True,True
325.0,1.8000000000000003,0.11073153950760005,True,True
325.0,1.9,0.10453553589499356,True,True
325.0,2.0,0.09899637938342551,True,True
325.0,2.1,0.09401485147883927,True,True
325.0,2.2,0.08951076328548968,True,True
325.0,2.3000000000000003,0.08541860107433472,True,True
325.0,2.4,0.08168431543308799,True,True
325.0,2.5,0.07826291824180741,True,True
325.0,2.6,0.07511665986172375,True,True
325.0,2.7,0.07221362939351939,True,True
325.0,2.8000000000000003,0.06952666769674679,True,True
325.0,2.9,0.06703251455574853,True,True
325.0,3.0,0.06471113318058273,True,True
400.0,0.4,0.8533570854642578,True,True
400.0,0.5,0.6197519905728643,True,True
400.0,0.6000000000000001,0.48726657193096073,True,True
400.0,0.7000000000000001,0.4016733178141755,True,True
400.0,0.8,0.341747176047849,True,True
400.0,0.9,0.29742185574112023,True,True
400.0,1.0,0.2632957564946701,True,True
400.0,1.1,0.23620658949173112,True,True
400.0,1.2000000000000002,0.21417852007570864,True,True
400.0,1.3,0.19591288029350493,True,True
400.0,1.4,0.18052070462840614,True,True
400.0,1.5,0.16737285126066118,True,True
400.0,1.6,0.15601147653576924,True,True
400.0,1.7000000000000002,0.14609541600100612,True,True
400.0,1.8000000000000003,0.13736522211157198,True,True
400.0,1.9,0.1296200685629509,True,True
400.0,2.0,0.12270207189814147,True,True
400.0,2.1,0.11648539142113636,True,True
400.0,2.2,0.11086848995707328,True,True
400.0,2.3000000000000003,0.10576853506090625,True,True
400.0,2.4,0.10111728025667105,True,True
400.0,2.5,0.09685798899626613,True,True
400.0,2.6,0.0929431057554465,True,True
400.0,2.7,0.08933247073897081,True,True
400.0,2.8000000000000003,0.08599193567041999,True,True
400.0,2.9,0.08289227931438534,True,True
400.0,3.0,0.08000834963432168,True,True
475.0,0.4,1.0766613959834759,True,True
475.0,0.5,0.7668281534331198,True,True
475.0,0.6000000000000001,0.5969272640000095,True,True
475.0,0.7000000000000001,0.48909796796428967,True,True
475.0,0.8,0.4144343783681922,True,True
475.0,0.9,0.3596240212324188,True,True
475.0,1.0,0.3176566941747192,True,True
475.0,1.1,0.28448204407787925,True,True
475.0,1.2000000000000002,0.2575938809747419,True,True
475.0,1.3,0.23535725529345497,True,True
475.0,1.4,0.2166596587662847,True,True
475.0,1.5,0.20071755292392432,True,True
475.0,1.6,0.18696302660128034,True,True
475.0,1.7000000000000002,0.1749743327750265,True,True
475.0,1.8000000000000003,0.16443167271366238,True,True
475.0,1.9,0.15508812595679516,True,True
475.0,2.0,0.146749996622253,True,True
475.0,2.1,0.13926319790479674,True,True
475.0,2.2,0.1325036148302371,True,True
475.0,2.3000000000000003,0.12637015150696163,True,True
475.0,2.4,0.12077962881181908,True,True
475.0,2.5,0.115662982132853,True,True
475.0,2.6,0.11096238831660027,True,True
475.0,2.7,0.10662906717421655,True,True
475.0,2.8000000000000003,0.10262157967409488,True,True
475.0,2.9,0.09890449662070568,True,True
475.0,3.0,0.0954473469916648,True,True
550.0,0.4,1.3346039066940865,True,True
550.0,0.5,0.928158833219568,True,True
550.0,0.6000000000000001,0.7143190359944247,True,True
550.0,0.7000000000000001,0.5813662963947294,True,True
550.0,0.8,0.4904386254130376,True,True
550.0,0.9,0.424239293353206,True,True
550.0,1.0,0.3738516668527221,True,True
550.0,1.1,0.3341984207147317,True,True
550.0,1.2000000000000002,0.30217113254374506,True,True
550.0,1.3,0.27575834452923664,True,True
550.0,1.4,0.2536000657005002,True,True
550.0,1.5,0.23474339041460274,True,True
550.0,1.6,0.21850058866445676,True,True
550.0,1.7000000000000002,0.20436275816150182,True,True
550.0,1.8000000000000003,0.19194518797059984,True,True
550.0,1.9,0.18095161807148474,True,True
550.0,2.0,0.17115017991254428,True,True
550.0,2.1,0.1623567908277117,True,True
550.0,2.2,0.15442343864645952,True,True
550.0,2.3000000000000003,0.14722975394639623,True,True
550.0,2.4,0.1406768410784057,True,True
550.0,2.5,0.13468269151732642,True,True
550.0,2.6,0.1291787252205488,True,True
550.0,2.7,0.12410714894651337,True,True
550.0,2.8000000000000003,0.11941891483412154,True,True
550.0,2.9,0.11507212586133063,True,True
550.0,3.0,0.11103077803133751,True,True
625.0,0.4,1.63993910516279,True,True
625.0,0.5,1.1068065807960088,True,True
625.0,0.6000000000000001,0.8406152143668293,True,True
625.0,0.7000000000000001,0.6790466661921953,True,True
625.0,0.8,0.570077197769363,True,True
625.0,0.9,0.49146248649720264,True,True
625.0,1.0,0.4320087624993524,True,True
625.0,1.1,0.38544439003761005,True,True
625.0,1.2000000000000002,0.3479741785246685,True,True
625.0,1.3,0.31716371394237397,True,True
625.0,1.4,0.2913782808751614,True,True
625.0,1.5,0.26947877236807516,True,True
625.0,1.6,0.250646781876005,True,True
625.0,1.7000000000000002,0.23427899402086846,True,True
625.0,1.8000000000000003,0.219920784897921,True,True
625.0,1.9,0.2072230184440666,True,True
625.0,2.0,0.19591309529676015,True,True
625.0,2.1,0.18577504943575524,True,True
625.0,2.2,0.17663555421324376,True,True
625.0,2.3000000000000003,0.16835388573306298,True,True
625.0,2.4,0.16081459578799323,True,True
625.0,2.5,0.15392207712573655,True,True
625.0,2.6,0.14759647404596607,True,True
625.0,2.7,0.1417705649700121,True,True
625.0,2.8000000000000003,0.1363873575882723,True,True
625.0,2.9,0.13139821343892816,True,True
625.0,3.0,0.12676137068758847,True,True
700.0,0.4,2.0140921082593732,True,True
700.0,0.5,1.3069410363064162,True,True
700.0,0.6000000000000001,0.9772783308701027,True,True
700.0,0.7000000000000001,0.7828137486853157,True,True
700.0,0.8,0.6537151952037326,True,True
700.0,0.9,0.5615130026201678,True,True
700.0,1.0,0.4922699745186153,True,True
700.0,1.1,0.4383170680715106,True,True
700.0,1.2000000000000002,0.3950723441420567,True,True
700.0,1.3,0.35962456743104676,True,True
700.0,1.4,0.3300331909872357,True,True
700.0,1.5,0.30495392263170024,True,True
700.0,1.6,0.28342556079775166,True,True
700.0,1.7000000000000002,0.26474234639783106,True,True
700.0,1.8000000000000003,0.24837425009308128,True,True
700.0,1.9,0.2339154002775163,True,True
700.0,2.0,0.22104969046692424,True,True
700.0,2.1,0.20952723281984598,True,True
700.0,2.2,0.19914786219371589,True,True
700.0,2.3000000000000003,0.18974934236258012,True,True
700.0,2.4,0.18119878015286411,True,True
700.0,2.5,0.17338627280862307,True,True
700.0,2.6,0.16622013853167728,True,True
700.0,2.7,0.15962328791314284,True,True
700.0,2.8000000000000003,0.15353042985641716,True,True
700.0,2.9,0.1478858962174347,True,True
700.0,3.0,0.14264193091624033,True,True
775.0,0.4,2.4973913817515245,True,True
775.0,0.5,1.5344465845184656,True,True
775.0,0.6000000000000001,1.1261637453609123,True,True
775.0,0.7000000000000001,0.8934768090279679,True,True
775.0,0.8,0.7417756568050818,True,True
775.0,0.9,0.6346391512538787,True,True
775.0,1.0,0.5547932903620798,True,True
775.0,1.1,0.4929231240004238,True,True
775.0,1.2000000000000002,0.4435410072613088,True,True
775.0,1.3,0.40319612756370793,True,True
775.0,1.4,0.3696064545664069,True,True
775.0,1.5,0.3412010382842486,True,True
775.0,1.6,0.3168623226383405,True,True
775.0,1.7000000000000002,0.2957732003554974,True,True
775.0,1.8000000000000003,0.277322193236102,True,True
775.0,1.9,0.2610424755062735,True,True
775.0,2.0,0.24657141634071184,True,True
775.0,2.1,0.23362300189560867,True,True
775.0,2.2,0.22196858797787622,True,True
775.0,2.3000000000000003,0.21142318459580817,True,True
775.0,2.4,0.20183550019773988,True,True
775.0,2.5,0.19308059451421805,True,True
775.0,2.6,0.18505437518723683,True,True
775.0,2.7,0.177669419561584,True,True
775.0,2.8000000000000003,0.17085176342805003,True,True
775.0,2.9,0.16453840513949136,True,True
775.0,3.0,0.15867534569867814,True,True
850.0,0.4,3.1810103020586276,True,True
850.0,0.5,1.7980142292217445,True,True
850.0,0.6000000000000001,1.289674286066731,True,True
850.0,0.7000000000000001,1.0120180738826554,True,True
850.0,0.8,0.8347525086264203,True,True
850.0,0.9,0.7111234620637557,True,True
850.0,1.0,0.6197551876354683,True,True
850.0,1.1,0.5493800757434122,True,True
850.0,1.2000000000000002,0.4934623241551798,True,True
850.0,1.3,0.4479380674360809,True,True
850.0,1.4,0.410142771834095,True,True
850.0,1.5,0.37825446523367834,True,True
850.0,1.6,0.3509840254738444,True,True
850.0,1.7000000000000002,0.32739310191308824,True,True
850.0,1.8000000000000003,0.30678210532172073,True,True
850.0,1.9,0.2886186370957003,True,True
850.0,2.0,0.27249025838396707,True,True
850.0,2.1,0.258072442996212,True,True
850.0,2.2,0.24510629972565717,True,True
850.0,2.3000000000000003,0.23338275244740872,True,True
850.0,2.4,0.22273109173955058,True,True
850.0,2.5,0.21301054900360514,True,True
850.0,2.6,0.20410400028151635,True,True
850.0,2.7,0.195913196474926,True,True
850.0,2.8000000000000003,0.1883551045803385,True,True
850.0,2.9,0.18135906902652846,True,True
850.0,3.0,0.17486458619181827,True,True
925.0,0.4,4.360531580454261,True,True
925.0,0.5,2.1112701047927858,True,True
925.0,0.6000000000000001,1.4709993737501454,True,True
925.0,0.7000000000000001,1.1396458268866436,True,True
925.0,0.8,0.9332273432066862,True,True
925.0,0.9,0.7912892768358666,True,True
925.0,1.0,0.6873536369881508,True,True
925.0,1.1,0.6078178128905538,True,True
925.0,1.2000000000000002,0.5449260674235865,True,True
925.0,1.3,0.4939150021441534,True,True
925.0,1.4,0.45169018822456897,True,True
925.0,1.5,0.4161508937932915,True,True
925.0,1.6,0.3858193188319035,True,True
925.0,1.7000000000000002,0.35962484791207044,True,True
925.0,1.8000000000000003,0.3367724221342379,True,True
925.0,1.9,0.3166590049021338,True,True
925.0,2.0,0.29881877040882476,True,True
925.0,2.1,0.2828860932225814,True,True
925.0,2.2,0.26856992768083265,True,True
925.0,2.3000000000000003,0.25563568010883275,True,True
925.0,2.4,0.2438921320646558,True,True
925.0,2.5,0.23318184309358214,True,True
925.0,2.6,0.2233739972355422,True,True
925.0,2.7,0.21435899595654406,True,True
925.0,2.8000000000000003,0.20604431894138547,True,True
925.0,2.9,0.19835131857267854,True,True
925.0,3.0,0.1912127110326549,True,True
1000.0,0.4,,False,True
1000.0,0.5,2.497404912122904,True,True
1000.0,0.6000000000000001,1.6745008877970349,True,True
1000.0,0.7000000000000001,1.2778695843240528,True,True
1000.0,0.8,1.0378914779309847,True,True
1000.0,0.9,0.8755090094390708,True,True
1000.0,1.0,0.7578117405008692,True,True
1000.0,1.1,0.6683803966249493,True,True
1000.0,1.2000000000000002,0.5980305975291984,True,True
1000.0,1.3,0.5411970500299396,True,True
1000.0,1.4,0.49430043673615304,True,True
1000.0,1.5,0.45492957702752185,True,True
1000.0,1.6,0.42139868822417237,True,True
1000.0,1.7000000000000002,0.39249258474951276,True,True
1000.0,1.8000000000000003,0.36731259354186657,True,True
1000.0,1.9,0.34517947545935823,True,True
1000.0,2.0,0.3255701110860059,True,True
1000.0,2.1,0.30807496771044796,True,True
1000.0,2.2,0.2923687848647295,True,True
1000.0,2.3000000000000003,0.2781899118816561,True,True
1000.0,2.4,0.26532545235736366,True,True
1000.0,2.5,0.2536003934660399,True,True
1000.0,2.6,0.24286952444797122,True,True
1000.0,2.7,0.23301134235772364,True,True
1000.0,2.8000000000000003,0.22392339661449528,True,True
1000.0,2.9,0.21551869054450418,True,True
1000.0,3.0,0.20772286980657684,True,True
1075.0,0.4,,False,True
1075.0,0.5,3.0009480878667407,True,True
1075.0,0.6000000000000001,1.9063691502323175,True,True
1075.0,0.7000000000000001,1.4286093774733668,True,True
1075.0,0.8,1.1495754197061987,True,True
1075.0,0.9,0.964214607343911,True,True
1075.0,1.0,0.8313821741198392,True,True
1075.0,1.1,0.7312281993729749,True,True
1075.0,1.2000000000000002,0.6528839943613702,True,True
1075.0,1.3,0.5898604759347388,True,True
1075.0,1.4,0.5380293252305517,True,True
1075.0,1.5,0.49463257512444875,True,True
1075.0,1.6,0.4577546154540383,True,True
1075.0,1.7000000000000002,0.426021917049766,True,True
1075.0,1.8000000000000003,0.39842315926281685,True,True
1075.0,1.9,0.3741967761019408,True,True
1075.0,2.0,0.3527580834371187,True,True
1075.0,2.1,0.3336505889908351,True,True
1075.0,2.2,0.3165125892697457,True,True
1075.0,2.3000000000000003,0.3010537192044749,True,True
1075.0,2.4,0.28703815093851104,True,True
1075.0,2.5,0.27427233708604315,True,True
1075.0,2.6,0.2625959235839473,True,True
1075.0,2.7,0.25187491373875154,True,True
1075.0,2.8000000000000003,0.24199645758043603,True,True
1075.0,2.9,0.23286483219939946,True,True
1075.0,3.0,0.22439830668929167,True,True
1150.0,0.4,,False,True
1150.0,0.5,3.7261217439768552,True,True
1150.0,0.6000000000000001,2.175813447713439,True,True
1150.0,0.7000000000000001,1.5943595802546497,True,True
1150.0,0.8,1.2692889362388322,True,True
1150.0,0.9,1.0579109586911415,True,True
1150.0,1.0,0.908352657260271,True,True
1150.0,1.1,0.7965404641586267,True,True
1150.0,1.2000000000000002,0.7096053815404046,True,True
1150.0,1.3,0.6399884312731108,True,True
1150.0,1.4,0.58293717595333,True,True
1150.0,1.5,0.5353050296090032,True,True
1150.0,1.6,0.4949217568119998,True,True
1150.0,1.7000000000000002,0.4602400274996286,True,True
1150.0,1.8000000000000003,0.43012583184225694,True,True
1150.0,1.9,0.4037285238868179,True,True
1150.0,2.0,0.3803971776036753,True,True
1150.0,2.1,0.35962501863986523,True,True
1150.0,2.2,0.34101148768503875,True,True
1150.0,2.3000000000000003,0.3242357188646842,True,True
1150.0,2.4,0.3090376073783002,True,True
1150.0,2.5,0.29520404227450925,True,True
1150.0,2.6,0.2825587283606602,True,True
1150.0,2.7,0.27095454891150594,True,True
1150.0,2.8000000000000003,0.2602677573959945,True,True
1150.0,2.9,0.2503935059364737,True,True
1150.0,3.0,0.241242364272891,True,True
1225.0,0.4,,False,True
1225.0,0.5,5.0397071499282715,True,True
1225.0,0.6000000000000001,2.4974134722431716,True,True
1225.0,0.7000000000000001,1.7784436116822642,True,True
1225.0,0.8,1.3982766736020036,True,True
1225.0,0.9,1.1571932998311318,True,True
1225.0,1.0,0.9890527484563489,True,True
1225.0,1.1,0.8645183865030904,True,True
1225.0,1.2000000000000002,0.768326484251387,True,True
1225.0,1.3,0.6916718089596406,True,True
1225.0,1.4,0.6290893259597132,True,True
1225.0,1.5,0.5769954718792358,True,True
1225.0,1.6,0.5329371416086433,True,True
1225.0,1.7000000000000002,0.49517580925205906,True,True
1225.0,1.8000000000000003,0.4624435876796935,True,True
1225.0,1.9,0.43379328983282245,True,True
1225.0,2.0,0.40850261722458747,True,True
1225.0,2.1,0.38601089143549044,True,True
1225.0,2.2,0.36587608130057836,True,True
1225.0,2.3000000000000003,0.3477448924954821,True,True
1225.0,2.4,0.33133149755360153,True,True
1225.0,2.5,0.31640212048547145,True,True
1225.0,2.6,0.3027636738657582,True,True
1225.0,2.7,0.29025525489006904,True,True
1225.0,2.8000000000000003,0.2787416932085415,True,True
1225.0,2.9,0.26810859419475186,True,True
1225.0,3.0,0.25825848758734354,True,True
1300.0,0.4,,False,True
1300.0,0.5,,False,True
1300.0,0.6000000000000001,2.896327221526155,True,True
1300.0,0.7000000000000001,1.985427638081385,True,True
1300.0,0.8,1.5380971712610778,True,True
1300.0,0.9,1.2627701471717883,True,True
1300.0,1.0,1.073862372587767,True,True
1300.0,1.1,0.9353888523664098,True,True
1300.0,1.2000000000000002,0.8291934718370302,True,True
1300.0,1.3,0.7450102352644925,True,True
1300.0,1.4,0.6765566988628501,True,True
1300.0,1.5,0.6197561713537509,True,True
1300.0,1.6,0.5718403938957889,True,True
1300.0,1.7000000000000002,0.5308600125142497,True,True
1300.0,1.8000000000000003,0.49540076706261,True,True
1300.0,1.9,0.464410669064719,True,True
1300.0,2.0,0.4370904097937598,True,True
1300.0,2.1,0.4128214522632693,True,True
1300.0,2.2,0.391117453251264,True,True
1300.0,2.3000000000000003,0.3715906074684986,True,True
1300.0,2.4,0.3539278097265997,True,True
1300.0,2.5,0.3378734388424198,True,True
1300.0,2.6,0.3232167064478719,True,True
1300.0,2.7,0.30978221477806167,True,True
1300.0,2.8000000000000003,0.2974228101078712,True,True
1300.0,2.9,0.2860141046146425,True,True
1300.0,3.0,0.275450228329518,True,True
1375.0,0.4,,False,True
1375.0,0.5,,False,True
1375.0,0.6000000000000001,3.4219004020193653,True,True
1375.0,0.7000000000000001,2.2218296027269284,True,True
1375.0,0.8,1.6907381802164974,True,True
1375.0,0.9,1.3754940005500744,True,True
1375.0,1.0,1.1632226377091452,True,True
1375.0,1.1,1.009409007193758,True,True
1375.0,1.2000000000000002,0.8923691499894413,True,True
1375.0,1.3,0.8001132257885233,True,True
1375.0,1.4,0.7254164604615252,True,True
1375.0,1.5,0.6636435294940347,True,True
1375.0,1.6,0.6116739807036956,True,True
1375.0,1.7000000000000002,0.5673254071835433,True,True
1375.0,1.8000000000000003,0.5290231842972861,True,True
1375.0,1.9,0.4956013575252106,True,True
1375.0,2.0,0.46617740141483727,True,True
1375.0,2.1,0.44007059604104415,True,True
1375.0,2.2,0.41674719828023193,True,True
1375.0,2.3000000000000003,0.3957826393036758,True,True
1375.0,2.4,0.37683486172906244,True,True
1375.0,2.5,0.35962513349320063,True,True
1375.0,2.6,0.343923994221926,True,True
1375.0,2.7,0.32954079612378456,True,True
1375.0,2.8000000000000003,0.3163158078382705,True,True
1375.0,2.9,0.30411417547984,True,True
1375.0,3.0,0.29282124931272147,True,True
1450.0,0.4,,False,True
1450.0,0.5,,False,True
1450.0,0.6000000000000001,4.1941090555469795,True,True
1450.0,0.7000000000000001,2.497419375814759,True,True
1450.0,0.8,1.8587903434149595,True,True
1450.0,0.9,1.4964032099038953,True,True
1450.0,1.0,1.2576497212811129,True,True
1450.0,1.1,1.086871888176506,True,True
1450.0,1.2000000000000002,0.9580355852873421,True,True
1450.0,1.3,0.8571015392643282,True,True
1450.0,1.4,0.7757527734617127,True,True
1450.0,1.5,0.7087185271523252,True,True
1450.0,1.6,0.6524834906930945,True,True
1450.0,1.7000000000000002,0.6046069636866955,True,True
1450.0,1.8000000000000003,0.5633382491850665,True,True
1450.0,1.9,0.5273872360070186,True,True
1450.0,2.0,0.49578133642205235,True,True
1450.0,2.1,0.4677729109637906,True,True
1450.0,2.2,0.4427774547200654,True,True
1450.0,2.3000000000000003,0.42033119573057137,True,True
1450.0,2.4,0.4000613193447363,True,True
1450.0,2.5,0.38166462384845734,True,True
1450.0,2.6,0.36489193823567245,True,True
1450.0,2.7,0.3495365597768608,True,True
1450.0,2.8000000000000003,0.33542554789561174,True,True
1450.0,2.9,0.32241308145814385,True,True
1450.0,3.0,0.31037532915069793,True,True
1525.0,0.4,,False,True
1525.0,0.5,,False,True
1525.0,0.6000000000000001,5.678482067948632,True,True
1525.0,0.7000000000000001,2.827822051991786,True,True
1525.0,0.8,2.045718715914542,True,True
1525.0,0.9,1.6267802604614334,True,True
1525.0,1.0,1.3577529341982129,True,True
1525.0,1.1,1.1681134311736607,True,True
1525.0,1.2000000000000002,1.026397268616511,True,True
1525.0,1.3,0.9161087712529922,True,True
1525.0,1.4,0.8276576698265979,True,True
1525.0,1.5,0.7550472341468047,True,True
1525.0,1.6,0.6943179478064644,True,True
1525.0,1.7000000000000002,0.6427420545235178,True,True
1525.0,1.8000000000000003,0.5983751012761795,True,True
1525.0,1.9,0.5597914623595766,True,True
1525.0,2.0,0.5259209223955221,True,True
1525.0,2.1,0.4959437254055803,True,True
1525.0,2.2,0.4692209390127122,True,True
1525.0,2.3000000000000003,0.44524694254930786,True,True
1525.0,2.4,0.4236162159915333,True,True
1525.0,2.5,0.4039996277747028,True,True
1525.0,2.6,0.38612718434802634,True,True
1525.0,2.7,0.3697752692829404,True,True
1525.0,2.8000000000000003,0.35475706103628357,True,True
1525.0,2.9,0.34091523966111814,True,True
1525.0,3.0,0.3281163671910684,True,True
1600.0,0.4,,False,True
1600.0,0.5,,False,True
1600.0,0.6000000000000001,,False,True
1600.0,0.7000000000000001,3.2403946468059326,True,True
1600.0,0.8,2.2563067612720515,True,True
1600.0,0.9,1.7682348655459788,True,True
1600.0,1.0,1.4642585680459042,True,True
1600.0,1.1,1.2535212756634682,True,True
1600.0,1.2000000000000002,1.097684955956253,True,True
1600.0,1.3,0.9772832406287775,True,True
1600.0,1.4,0.8812320634647228,True,True
1600.0,1.5,0.8027013917492978,True,True
1600.0,1.6,0.7372301653299501,True,True
1600.0,1.7000000000000002,0.6817706794262411,True,True
1600.0,1.8000000000000003,0.6341647585486501,True,True
1600.0,1.9,0.5928385728435701,True,True
1600.0,2.0,0.5566159011675107,True,True
1600.0,2.1,0.5245991588561829,True,True
1600.0,2.2,0.4960909830138469,True,True
1600.0,2.3000000000000003,0.4705410314551491,True,True
1600.0,2.4,0.4475089738153797,True,True
1600.0,2.5,0.4266381778198709,True,True
1600.0,2.6,0.40763663587435567,True,True
1600.0,2.7,0.39026290085617776,True,True
1600.0,2.8000000000000003,0.37431555522697363,True,True
1600.0,2.9,0.3596252160440808,True,True
1600.0,3.0,0.34604838871432714,True,True
1675.0,0.4,,False,True
1675.0,0.5,,False,True
1675.0,0.6000000000000001,,False,True
1675.0,0.7000000000000001,3.7900336508736157,True,True
1675.0,0.8,2.4974236933730514,True,True
1675.0,0.9,1.9228257263738089,True,True
1675.0,1.0,1.5780419003243207,True,True
1675.0,1.1,1.3435459514869637,True,True
1675.0,1.2000000000000002,1.1721603683985413,True,True
1675.0,1.3,1.040790235870024,True,True
1675.0,1.4,0.9365869312515831,True,True
1675.0,1.5,0.8517590809744521,True,True
1675.0,1.6,0.7812771467793393,True,True
1675.0,1.7000000000000002,0.7217357175350424,True,True
1675.0,1.8000000000000003,0.6707402824131353,True,True
1675.0,1.9,0.6265545937444847,True,True
1675.0,2.0,0.5878871264945742,True,True
1675.0,2.1,0.5537561773160902,True,True
1675.0,2.2,0.5234015743556211,True,True
1675.0,2.3000000000000003,0.49622513000838325,True,True
1675.0,2.4,0.4717494263189938,True,True
1675.0,2.5,0.44958863855670683,True,True
1675.0,2.6,0.429427467058927,True,True
1675.0,2.7,0.4110056539726513,True,True
1675.0,2.8000000000000003,0.3941064240667309,True,True
1675.0,2.9,0.3785477321696178,True,True
1675.0,3.0,0.3641755504157318,True,True
1750.0,0.4,,False,True
1750.0,0.5,,False,True
1750.0,0.6000000000000001,,False,True
1750.0,0.7000000000000001,4.615942670232,True,True
1750.0,0.8,2.7794466999979948,True,True
1750.0,0.9,2.0932447877421603,True,True
1750.0,1.0,1.7001709541511465,True,True
1750.0,1.1,1.4387152649752775,True,True
1750.0,1.2000000000000002,1.2501219929139424,True,True
1750.0,1.3,1.1068147067838705,True,True
1750.0,1.4,0.9938446971201758,True,True
1750.0,1.5,0.902305492298463,True,True
1750.0,1.6,0.8265205412433405,True,True
1750.0,1.7000000000000002,0.7626832105754805,True,True
1750.0,1.8000000000000003,0.7081369612433213,True,True
1750.0,1.9,0.660967164517041,True,True
1750.0,2.0,0.6197566491609138,True,True
1750.0,2.1,0.583432653626613,True,True
1750.0,2.2,0.5511674001737146,True,True
1750.0,2.3000000000000003,0.5223114539511129,True,True
1750.0,2.4,0.4963478426616087,True,True
1750.0,2.5,0.47285972513770413,True,True
1750.0,2.6,0.45150713744029725,True,True
1750.0,2.7,0.4320099626317092,True,True
1750.0,2.8000000000000003,0.4141352557153834,True,True
1750.0,2.9,0.3976876723596879,True,True
1750.0,3.0,0.38250214618876466,True,True
1825.0,0.4,,False,True
1825.0,0.5,,False,True
1825.0,0.6000000000000001,,False,True
1825.0,0.7000000000000001,6.326791779896447,True,True
1825.0,0.8,3.119149552209383,True,True
1825.0,0.9,2.283106932455908,True,True
1825.0,1.0,1.8319676065120456,True,True
1825.0,1.1,1.5396530494571263,True,True
1825.0,1.2000000000000002,1.331912308487174,True,True
1825.0,1.3,1.1755645120520646,True,True
1825.0,1.4,1.053140862617009,True,True
1825.0,1.5,0.954433815860593,True,True
1825.0,1.6,0.8730271623098144,True,True
1825.0,1.7000000000000002,0.8046626817269555,True,True
1825.0,1.8000000000000003,0.7463925149852264,True,True
1825.0,1.9,0.696105673920253,True,True
1825.0,2.0,0.6522478103827757,True,True
1825.0,2.1,0.6136474332722248,True,True
1825.0,2.2,0.5794038945409072,True,True
1825.0,2.3000000000000003,0.5488128020950073,True,True
1825.0,2.4,0.5213149537799199,True,True
1825.0,2.5,0.49646052316458994,True,True
1825.0,2.6,0.473883407181627,True,True
1825.0,2.7,0.4532825073364206,True,True
1825.0,2.8000000000000003,0.43440784236528696,True,True
1825.0,2.9,0.41705009126342035,True,True
1825.0,3.0,0.4010326132302937,True,True
1900.0,0.4,,False,True
1900.0,0.5,,False,True
1900.0,0.6000000000000001,,False,True
1900.0,0.7000000000000001,,False,True
1900.0,0.8,3.5463556044368216,True,True
1900.0,0.9,2.497426988363607,True,True
1900.0,1.0,1.9750950147775141,True,True
1900.0,1.1,1.6471039722172445,True,True
1900.0,1.2000000000000002,1.4179268797359794,True,True
1900.0,1.3,1.2472743662808647,True,True
1900.0,1.4,1.114625938540632,True,True
1900.0,1.5,1.0082462755117012,True,True
1900.0,1.6,0.9208695815360993,True,True
1900.0,1.7000000000000002,0.847727495720197,True,True
1900.0,1.8000000000000003,0.7855473238190125,True,True
1900.0,1.9,0.7320014108230932,True,True
1900.0,2.0,0.6853853445048957,True,True
1900.0,2.1,0.6444204062618109,True,True
1900.0,2.2,0.6081272899906983,True,True
1900.0,2.3000000000000003,0.5757425940294293,True,True
1900.0,2.4,0.5466619804965556,True,True
1900.0,2.5,0.5204005099857238,True,True
1900.0,2.6,0.4965643534447525,True,True
1900.0,2.7,0.47483022784895257,True,True
1900.0,2.8000000000000003,0.45493019029657195,True,True
1900.0,2.9,0.43664022186993934,True,True
1900.0,3.0,0.4197715384891488,True,True
1975.0,0.4,,False,True
1975.0,0.5,,False,True
1975.0,0.6000000000000001,,False,True
1975.0,0.7000000000000001,,False,True
1975.0,0.8,4.122395308898875,True,True
1975.0,0.9,2.743451273505423,True,True
1975.0,1.0,2.1316862563262666,True,True
1975.0,1.1,1.761966908526053,True,True
1975.0,1.2000000000000002,1.5086259288786694,True,True
1975.0,1.3,1.3222106755302132,True,True
1975.0,1.4,1.178467746943491,True,True
1975.0,1.5,1.063855335537025,True,True
1975.0,1.6,0.9701268096944877,True,True
1975.0,1.7000000000000002,0.8919352667309823,True,True
1975.0,1.8000000000000003,0.8256446843481071,True,True
1975.0,1.9,0.7686877316198075,True,True
1975.0,2.0,0.7191954921208101,True,True
1975.0,2.1,0.6757725857754169,True,True
1975.0,2.2,0.6373546735616216,True,True
1975.0,2.3000000000000003,0.6031149109280428,True,True
1975.0,2.4,0.5724006638003487,True,True
1975.0,2.5,0.5446895775463474,True,True
1975.0,2.6,0.5195583878944698,True,True
1975.0,2.7,0.4967193566687351,True,True
1975.0,2.8000000000000003,0.4759603703096008,True,True
1975.0,2.9,0.4570229219482004,True,True
1975.0,3.0,0.4396802541142125,True,True
2050.0,0.4,,False,True
2050.0,0.5,,False,True
2050.0,0.6000000000000001,,False,True
2050.0,0.7000000000000001,,False,True
2050.0,0.8,5.01023201687707,True,True
2050.0,0.9,3.0322160339502617,True,True
2050.0,1.0,2.3045399448499375,True,True
2050.0,1.1,1.8853406982770178,True,True
2050.0,1.2000000000000002,1.6045492435474453,True,True
2050.0,1.3,1.4006775126788895,True,True
2050.0,1.4,1.244854182121157,True,True
2050.0,1.5,1.1213851158539385,True,True
2050.0,1.6,1.02088508184749,True,True
2050.0,1.7000000000000002,0.9373483218910673,True,True
2050.0,1.8000000000000003,0.8667310973905945,True,True
2050.0,1.9,0.8062303380017308,True,True
2050.0,2.0,0.7540678026383487,True,True
2050.0,2.1,0.708711676818703,True,True
2050.0,2.2,0.6689246552077257,True,True
2050.0,2.3000000000000003,0.6337476326725651,True,True
2050.0,2.4,0.6024367370780965,True,True
2050.0,2.5,0.574394629797197,True,True
2050.0,2.6,0.549148267742352,True,True
2050.0,2.7,0.5263035625267432,True,True
2050.0,2.8000000000000003,0.505547091020097,True,True
2050.0,2.9,0.486606029859894,True,True
2050.0,3.0,0.46926643269565643,True,True
2125.0,0.4,,False,True
2125.0,0.5,,False,True
2125.0,0.6000000000000001,,False,True
2125.0,0.7000000000000001,,False,True
2125.0,0.8,7.037856710589621,True,True
2125.0,0.9,3.3817601857684663,True,True
2125.0,1.0,2.49742958559869,True,True
2125.0,1.1,2.0185953457768826,True,True
2125.0,1.2000000000000002,1.7084200803847813,True,True
2125.0,1.3,1.4889431157024973,True,True
2125.0,1.4,1.324226393706507,True,True
2125.0,1.5,1.1956153435660575,True,True
2125.0,1.6,1.0921342736019253,True,True
2125.0,1.7000000000000002,1.0069884996631069,True,True
2125.0,1.8000000000000003,0.9356806834580381,True,True
2125.0,1.9,0.8750537350674447,True,True
2125.0,2.0,0.8228917362255237,True,True
2125.0,2.1,0.7775378147751502,True,True
2125.0,2.2,0.7377458772024289,True,True
2125.0,2.3000000000000003,0.7025739242870128,True,True
2125.0,2.4,0.6712589125166544,True,True
2125.0,2.5,0.6432204793614678,True,True
2125.0,2.6,0.6179719918961126,True,True
2125.0,2.7,0.5951290542225105,True,True
2125.0,2.8000000000000003,0.5743713569731341,True,True
2125.0,2.9,0.5554314535345461,True,True
2125.0,3.0,0.5380909276163155,True,True
2200.0,0.4,,False,True
2200.0,0.5,,False,True
2200.0,0.6000000000000001,,False,True
2200.0,0.7000000000000001,,False,True
2200.0,0.8,,False,True
2200.0,0.9,,False,True
2200.0,1.0,,False,True
2200.0,1.1,,False,True
2200.0,1.2000000000000002,,False,True
2200.0,1.3,,False,True
2200.0,1.4,,False,True
2200.0,1.5,,False,True
2200.0,1.6,,False,True
2200.0,1.7000000000000002,,False,True
2200.0,1.8000000000000003,,False,True
2200.0,1.9,,False,True
2200.0,2.0,,False,True
2200.0,2.1,,False,True
2200.0,2.2,,False,True
2200.0,2.3000000000000003,,False,True
2200.0,2.4,,False,True
2200.0,2.5,,False,True
2200.0,2.6,,False,True
2200.0,2.7,,False,True
2200.0,2.8000000000000003,,False,True
2200.0,2.9,,False,True
2200.0,3.0,,False,True
2275.0,0.4,,False,True
2275.0,0.5,,False,True
2275.0,0.6000000000000001,,False,True
2275.0,0.7000000000000001,,False,True
2275.0,0.8,,False,True
2275.0,0.9,,False,True
2275.0,1.0,,False,True
2275.0,1.1,,False,True
2275.0,1.2000000000000002,,False,True
2275.0,1.3,,False,True
2275.0,1.4,,False,True
2275.0,1.5,,False,True
2275.0,1.6,,False,True
2275.0,1.7000000000000002,,False,True
2275.0,1.8000000000000003,,False,True
2275.0,1.9,,False,True
2275.0,2.0,,False,True
2275.0,2.1,,False,True
2275.0,2.2,,False,True
2275.0,2.3000000000000003,,False,True
2275.0,2.4,,False,True
2275.0,2.5,,False,True
2275.0,2.6,,False,True
2275.0,2.7,,False,True
2275.0,2.8000000000000003,,False,True
2275.0,2.9,,False,True
2275.0,3.0,,False,True
2350.0,0.4,,False,True
2350.0,0.5,,False,True
2350.0,0.6000000000000001,,False,True
2350.0,0.7000000000000001,,False,True
2350.0,0.8,,False,True
2350.0,0.9,,False,True
2350.0,1.0,,False,True
2350.0,1.1,,False,True
2350.0,1.2000000000000002,,False,True
2350.0,1.3,,False,True
2350.0,1.4,,False,True
2350.0,1.5,,False,True
2350.0,1.6,,False,True
2350.0,1.7000000000000002,,False,True
2350.0,1.8000000000000003,,False,True
2350.0,1.9,,False,True
2350.0,2.0,,False,True
2350.0,2.1,,False,True
2350.0,2.2,,False,True
2350.0,2.3000000000000003,,False,True
2350.0,2.4,,False,True
2350.0,2.5,,False,True
2350.0,2.6,,False,True
2350.0,2.7,,False,True
2350.0,2.8000000000000003,,False,True
2350.0,2.9,,False,True
2350.0,3.0,,False,True
2425.0,0.4,,False,True
2425.0,0.5,,False,True
2425.0,0.6000000000000001,,False,True
2425.0,0.7000000000000001,,False,True
2425.0,0.8,,False,True
2425.0,0.9,,False,True
2425.0,1.0,,False,True
2425.0,1.1,,False,True
2425.0,1.2000000000000002,,False,True
2425.0,1.3,,False,True
2425.0,1.4,,False,True
2425.0,1.5,,False,True
2425.0,1.6,,False,True
2425.0,1.7000000000000002,,False,True
2425.0,1.8000000000000003,,False,True
2425.0,1.9,,False,True
2425.0,2.0,,False,True
2425.0,2.1,,False,True
2425.0,2.2,,False,True
2425.0,2.3000000000000003,,False,True
2425.0,2.4,,False,True
2425.0,2.5,,False,True
2425.0,2.6,,False,True
2425.0,2.7,,False,True
2425.0,2.8000000000000003,,False,True
2425.0,2.9,,False,True
2425.0,3.0,,False,True
2500.0,0.4,,False,True
2500.0,0.5,,False,True
2500.0,0.6000000000000001,,False,True
2500.0,0.7000000000000001,,False,True
2500.0,0.8,,False,True
2500.0,0.9,,False,True
2500.0,1.0,,False,True
2500.0,1.1,,False,True
2500.0,1.2000000000000002,,False,True
2500.0,1.3,,False,True
2500.0,1.4,,False,True
2500.0,1.5,,False,True
2500.0,1.6,,False,True
2500.0,1.7000000000000002,,False,True
2500.0,1.8000000000000003,,False,True
2500.0,1.9,,False,True
2500.0,2.0,,False,True
2500.0,2.1,,False,True
2500.0,2.2,,False,True
2500.0,2.3000000000000003,,False,True
2500.0,2.4,,False,True
2500.0,2.5,,False,True
2500.0,2.6,,False,True
2500.0,2.7,,False,True
2500.0,2.8000000000000003,,False,True
2500.0,2.9,,False,True
2500.0,3.0,,False,True
