case_id,seed,noise,current_noise_std_a,voltage_noise_std_v,speed_noise_std_rad_s,commissioning_speed_rpm,dc_bus_voltage_v,excitation_scale,required_voltage_v,voltage_feasible,current_feasible,status,failure_stage,failure_reason,parameter_accurate,workflow_success,quality_accepted,quality_rejection_reasons,retuning_applied,true_Rs,estimate_Rs,error_Rs_percent,standard_error_Rs,true_Ld,estimate_Ld,error_Ld_percent,standard_error_Ld,true_Lq,estimate_Lq,error_Lq_percent,standard_error_Lq,true_psi_f,estimate_psi_f,error_psi_f_percent,standard_error_psi_f,standstill_rank,standstill_condition,standstill_residual_rmse_v_s,standstill_information_fraction,standstill_max_relative_standard_error,standstill_split_difference,standstill_regressor_energy,rotating_rank,rotating_condition,rotating_residual_rmse_v_s,rotating_information_fraction,rotating_max_relative_standard_error,rotating_split_difference,rotating_regressor_energy,mismatched_speed_rmse_rpm,mismatched_iq_tracking_rmse_a,mismatched_recovery_time_s,mismatched_saturation_fraction,commissioned_speed_rmse_rpm,commissioned_iq_tracking_rmse_a,commissioned_recovery_time_s,commissioned_saturation_fraction
0,1309904235,low,0.01,0.01,0.02,150.0,24.0,0.08,11.629650677538827,True,True,quality_rejected,quality_gate,standstill.noise_information,True,False,False,standstill.noise_information,False,0.5704513633590662,0.5714558270357976,0.17608226419454365,0.001603792445516582,0.0013639884358957687,0.0012776089179885942,-6.3328629212641925,1.5154653792940011e-05,0.0006417909243374472,0.0006278719750767179,-2.1687669197096415,4.436885296539252e-06,0.027259208385290515,0.02717996156388518,-0.29071578413149,0.00019131968974274725,3,1.0031038321794883,1.415365869099164e-05,0.0696113705775133,0.011861731379269618,0.06649476391326298,1.3223922307382752e-05,1,1.0,1.3609325859184044e-05,1.540073827076169e-07,0.007038997803328736,8.228221211558528e-05,1.1843588066572535,5.785538121850587,0.006182628528419532,0.04176000000000002,0.0,,,,
1,682504711,low,0.01,0.01,0.02,150.0,24.0,1.0,13.947911303864482,False,True,completed,,,True,False,True,,True,0.521963649361231,0.5218238225020098,-0.026788620125617335,0.00011328993971756847,0.0007745977073597833,0.0007741217877300078,-0.06144087766509765,4.6027719229642063e-07,0.000936597593554862,0.0009371453291977049,0.0584814275214951,5.228389066342497e-07,0.03291539691992458,0.03293602331976294,0.06266489779400697,1.3691950994361542e-05,3,1.003202845846203,1.3174300122918338e-05,0.0002513464171998547,0.0005945798188242605,0.00018053639654468497,0.002460579474642567,1,1.0,1.4325809858971211e-05,1.54020556655748e-07,0.00041571354445045646,0.0001994833528337906,1.184257504066052,6.725357274477709,0.8124295277024425,0.0,0.9584,6.72949368428155,0.7985999705677482,0.0,0.9572666666666667
2,1767939633,low,0.01,0.01,0.02,600.0,24.0,0.08,7.068452486122609,True,True,quality_rejected,quality_gate,standstill.noise_information,True,False,False,standstill.noise_information,False,0.6869057010384585,0.6856444391945521,-0.18361499140269189,0.0020948476662534235,0.001009936777547241,0.000958658268376946,-5.077397943149597,1.037697781210034e-05,0.0010027492292612318,0.0009647140958345991,-3.7930852816166927,8.99626893281437e-06,0.015817703273187565,0.01588501959911811,0.42557585490083927,2.4393167229797787e-05,3,1.0041867070247017,1.3561208846006496e-05,0.054376059319387784,0.010824480583335558,0.027427030571161342,9.512000246338548e-06,1,1.0,2.0485004499105764e-05,9.625522734365255e-09,0.0015356082551608577,0.0015886781644021877,18.94962019556523,10.019128524008076,0.014619617472474391,0.06316000000000005,0.0,,,,
3,1137152680,low,0.01,0.01,0.02,600.0,24.0,1.0,14.42766747897977,False,True,completed,,,True,False,True,,True,0.3276628152814019,0.32748266678831406,-0.0549798404598123,7.520689034015592e-05,0.0009885660575970861,0.0009888584486471633,0.029577290038451665,5.493225211824706e-07,0.0009323697428207436,0.0009332025641391301,0.08932307432745201,3.9733049294349296e-07,0.03421198089607009,0.034210625603467,-0.003961456096934768,2.7656966668656177e-06,3,1.0016027422607154,1.3334121342247066e-05,0.00024021960548719945,0.0005555117842538408,0.00027229572965609843,0.004525996796795638,1,1.0,1.3116334130569102e-05,9.625634211158672e-09,8.084320640384121e-05,1.4795445491716758e-05,18.949400735439326,40.718695273469024,4.709692502298426,nan,0.9608,40.72667708537565,4.709693527794274,nan,0.9606
4,2062316900,medium,0.08,0.05,0.05,150.0,24.0,0.08,10.077216174822524,True,True,quality_rejected,quality_gate,standstill.noise_information; standstill.relative_uncertainty; standstill.inconsistent_halves; rotating.relative_uncertainty; rotating.excessive_residual,False,False,False,standstill.noise_information; standstill.relative_uncertainty; standstill.inconsistent_halves; rotating.relative_uncertainty; rotating.excessive_residual,False,0.5978668449645022,0.5780668355600699,-3.3117757860628427,0.009290472810276602,0.0014906925775274556,0.00021452457376520764,-85.60906675197714,2.7249190501789212e-05,0.0014981127083698643,0.0002758656047356269,-81.58579102931425,3.2707456357030944e-05,0.023435117608069666,0.027677430724028413,18.102376044820634,0.0010725244954739438,3,1.012325412732599,6.90472097976662e-05,0.8618837332195052,0.1270213012128524,0.17139030291476354,1.0033537306549815e-05,1,1.0,0.0004582143102968992,9.62485455291764e-07,0.03875086911672122,0.01418430947563513,1.1844334828461647,6.735684171815892,0.008485945853019443,0.04720000000000002,0.0,,,,
5,1376864967,medium,0.08,0.05,0.05,150.0,24.0,1.0,13.766628323595652,True,True,completed,,,True,True,True,,True,0.5026645708244841,0.5028265382263604,0.03222176601995752,0.0009951423708834824,0.0008559295618903612,0.0008316575121833529,-2.835753172656219,4.33091603632301e-06,0.001469370247544976,0.0014258291943036092,-2.963245874490461,8.552109375663586e-06,0.03248998608595101,0.032537940438787334,0.14759733263494113,0.00012606755397107157,3,1.0044420644534304,0.00013869386949656918,0.026749722272687994,0.005997990088736071,0.023243279087233473,0.0021315314219838882,1,1.0,0.00015612229803241252,9.626545948751417e-07,0.0038744786016262685,0.000992422002400053,1.1842253764423794,4.822030680357835,0.004182236643893305,0.035040000000000016,0.16186666666666666,4.419658102653481,0.002058452582668513,0.032320000000000015,0.14713333333333334
6,1397987099,medium,0.08,0.05,0.05,600.0,24.0,0.08,9.610996803122672,True,True,quality_rejected,quality_gate,standstill.noise_information; standstill.relative_uncertainty; standstill.inconsistent_halves; rotating.excessive_residual,False,False,False,standstill.noise_information; standstill.relative_uncertainty; standstill.inconsistent_halves; rotating.excessive_residual,False,0.45547313630796227,0.4294872040690186,-5.70526122563102,0.0070512343641055885,0.0014414437092878439,0.0003053130833983452,-78.81893816379501,3.363206990472447e-05,0.0014435395045597054,0.00028130253543287765,-80.51300054177057,3.086224385624548e-05,0.022447189046036833,0.02291146264511905,2.0682928188916705,1.8565787345430704e-05,3,1.0068120878276843,7.10520955997849e-05,0.8907904179648166,0.11015600619002743,0.36292799015022065,1.4319487058922128e-05,1,1.0,0.0004250586768944313,6.016171988446904e-08,0.0008103274606689448,0.014800970698444259,18.9489263636277,6.982613647432273,0.007633641137381948,0.04908000000000001,0.0,,,,
7,1998322839,medium,0.08,0.05,0.05,600.0,24.0,1.0,12.395113536668049,True,True,completed,,,True,True,True,,True,0.4960848670818334,0.49570863333824117,-0.07584060078377197,0.0010701651409844221,0.0008997275168824211,0.0008961758962963372,-0.394744021877913,4.5755853957619505e-06,0.0014747172044351142,0.0014545240807130695,-1.3692878649082862,8.605284939350382e-06,0.029177678276974345,0.02916661437104072,-0.037919075769499155,1.154112363071221e-05,3,1.004770906917796,0.00013398123790108732,0.026806173373306458,0.005916220331760823,0.0030239904854143644,0.002041086215496403,1,1.0,0.0001737488251866761,6.015745495780243e-08,0.0003956963768194944,0.0004164749066543317,18.950269767889207,5.375087992959387,0.005180264566973542,0.03904000000000002,0.0,4.412002715981767,0.0022818207367713106,0.03228000000000003,6.666666666666667e-05
8,335621899,high,0.4,0.2,0.1,150.0,24.0,0.08,6.117502906209145,True,True,quality_rejected,quality_gate,standstill.noise_information; standstill.relative_uncertainty; standstill.inconsistent_halves; rotating.relative_uncertainty; rotating.excessive_residual,False,False,False,standstill.noise_information; standstill.relative_uncertainty; standstill.inconsistent_halves; rotating.relative_uncertainty; rotating.excessive_residual,False,0.6497386211908587,0.36811473771332154,-43.34418092022438,0.02134060708650152,0.0007198981627074779,1.5421727950389096e-05,-97.85779034462469,1.1195932386186859e-05,0.0007644563896268461,1.3665739825972236e-05,-98.21235847964553,1.019106912718035e-05,0.013429041117258724,0.049223950285869185,266.54851121579776,0.0026539643565091408,3,1.0120408697676064,0.00010014785267582074,1.1035798627978293,0.7457385591237331,2.1290451202015235,2.452891503518323e-05,1,1.0,0.00048251280352175157,3.84933886284531e-06,0.05391611890342372,0.027976212759677658,1.1846190118552962,11.74000731105637,0.01663771658878618,0.07060000000000005,0.0,,,,
9,2115294272,high,0.4,0.2,0.1,150.0,24.0,1.0,7.495814025665341,True,True,quality_rejected,quality_gate,standstill.noise_information; standstill.relative_uncertainty; rotating.weak_back_emf,False,False,False,standstill.noise_information; standstill.relative_uncertainty; rotating.weak_back_emf,False,0.2991921502220776,0.3021640307732777,0.9933016454456434,0.0021309015499782376,0.0014205218200159324,0.000811541535629193,-42.8701816336696,4.00644982679976e-05,0.0009484223997326477,0.0007542971636179564,-20.46822556799729,2.0466511661046116e-05,0.017474613565342204,0.01875968515078483,7.353934212264002,0.0005267227548069282,3,1.0052181636271986,0.0005423030825623814,0.3909550265382425,0.0493683890584052,0.05148375372496934,0.004538099889771279,1,1.0,0.00043168545607821833,3.850202601454717e-06,0.02807737712937534,0.012599107753047822,1.184353259300459,8.905169863699044,0.00860539515040722,0.059680000000000066,0.0,,,,
10,271737404,high,0.4,0.2,0.1,600.0,24.0,0.08,11.367990070910478,True,True,quality_rejected,quality_gate,standstill.noise_information; standstill.relative_uncertainty; standstill.inconsistent_halves; rotating.excessive_residual,False,False,False,standstill.noise_information; standstill.relative_uncertainty; standstill.inconsistent_halves; rotating.excessive_residual,False,0.5170418529453187,0.2520621681826154,-51.2491751399334,0.019667948622796912,0.0011307280142434225,9.325869133446609e-06,-99.17523321117267,1.0151694029544477e-05,0.0014673758228083526,7.66597512274311e-06,-99.47757247982514,9.800192808982252e-06,0.026666892939356042,0.025162632552423958,-5.640928586442251,6.873619827426331e-05,3,1.037857366483275,0.0001102960501352707,1.0155845260238208,1.278401332128959,3.6136206731496143,2.7285306566083453e-05,1,1.0,0.0005580720731182527,2.406360598251111e-07,0.0027316775433197608,0.009859952625366762,18.949778363700375,5.891804728317436,0.00628267366803148,0.04240000000000005,0.0,,,,
11,204015524,high,0.4,0.2,0.1,600.0,24.0,1.0,5.988673659440973,True,True,quality_rejected,quality_gate,standstill.noise_information; standstill.relative_uncertainty; rotating.weak_back_emf,False,False,False,standstill.noise_information; standstill.relative_uncertainty; rotating.weak_back_emf,False,0.5871690865905212,0.5852348008632774,-0.3294256750599023,0.004167074694993424,0.001093378897519923,0.0007095288803282264,-35.10677022049461,3.321934753605806e-05,0.0009288732643264114,0.0006753700630596607,-27.291473552162472,2.4775853119056975e-05,0.013209830641630256,0.013892198360853295,5.16560535660906,8.736271192211057e-05,3,1.0015053636077182,0.00046738588273429295,0.37908201746411413,0.046818880044306115,0.06005699427097316,0.0018844818784501671,1,1.0,0.000413980779393958,2.406461290873996e-07,0.006288616794321711,0.008815657433355497,18.948985455502037,11.886089254774008,0.01601558567328541,0.07148000000000004,0.0,,,,
12,680222772,none,0.0,0.0,0.0,600.0,24.0,0.0,10.264289619798861,True,True,estimator_failed,joint_identification,Excitation does not identify all three parameters,False,False,False,standstill: Excitation does not identify all three parameters,False,0.5,,,,0.0011,,,,0.0009,,,,0.024,,,,,,,,,,,,,,,,,,6.54885182649271,0.007070345850053856,0.046560000000000046,0.0,,,,
