case_id,seed,noise,current_noise_std_a,voltage_noise_std_v,speed_noise_std_rad_s,commissioning_speed_rpm,dc_bus_voltage_v,excitation_scale,required_voltage_v,voltage_feasible,current_feasible,status,failure_stage,failure_reason,parameter_accurate,workflow_success,true_Rs,estimate_Rs,error_Rs_percent,true_Ld,estimate_Ld,error_Ld_percent,true_Lq,estimate_Lq,error_Lq_percent,true_psi_f,estimate_psi_f,error_psi_f_percent,mismatched_speed_rmse_rpm,mismatched_iq_tracking_rmse_a,mismatched_recovery_time_s,mismatched_saturation_fraction,commissioned_speed_rmse_rpm,commissioned_iq_tracking_rmse_a,commissioned_recovery_time_s,commissioned_saturation_fraction
0,2123560340,low,0.01,0.01,0.02,0.0,12.0,1.0,6.241750766502697,True,True,estimator_failed,rotating_excitation,Rotating excitation requires at least 100 rpm,False,False,0.42512417924758544,,,0.001356249560294019,,,0.0010629021662942695,,,0.014159453506171206,,,11.024201233543227,0.012793036010927714,0.06864000000000003,0.0005333333333333334,,,,
1,1880420,low,0.01,0.01,0.02,0.0,12.0,1.0,12.105827694091161,False,True,estimator_failed,rotating_excitation,Rotating excitation requires at least 100 rpm,False,False,0.5197004668044386,,,0.000976766149513265,,,0.0011905277404854466,,,0.028458056807187476,,,433.84240459127517,4.67797425478317,nan,0.9834,,,,
2,1293208152,low,0.01,0.01,0.02,0.0,24.0,1.0,11.916433708548723,True,True,estimator_failed,rotating_excitation,Rotating excitation requires at least 100 rpm,False,False,0.3938917584826415,,,0.000937627597041275,,,0.0010636176977802565,,,0.02810866190856121,,,5.5555320730978535,0.00460273836855858,0.040640000000000065,0.0,,,,
3,406777245,low,0.01,0.01,0.02,0.0,24.0,1.0,14.604035463207666,False,True,estimator_failed,rotating_excitation,Rotating excitation requires at least 100 rpm,False,False,0.6508783517384122,,,0.000916217360877766,,,0.0008577197178453351,,,0.03440851796918111,,,52.29332867658377,4.713683282844665,nan,0.967,,,,
4,221988141,low,0.01,0.01,0.02,0.0,48.0,1.0,7.5242592265230535,True,True,estimator_failed,rotating_excitation,Rotating excitation requires at least 100 rpm,False,False,0.6989597614466958,,,0.0009405732287326479,,,0.0010008287865563724,,,0.01696147543532543,,,9.353371805260547,0.01371676780358412,0.06016000000000005,0.0,,,,
5,319330618,low,0.01,0.01,0.02,0.0,48.0,1.0,10.671638351808195,True,True,estimator_failed,rotating_excitation,Rotating excitation requires at least 100 rpm,False,False,0.2849409164665974,,,0.0013343558236125373,,,0.0014795891233234872,,,0.025197697953722335,,,6.165199121512485,0.004968817405692113,0.044840000000000046,0.0,,,,
6,2080425865,low,0.01,0.01,0.02,150.0,12.0,1.0,7.460048212431608,False,True,completed,,,True,False,0.344059783847511,0.3439365341253513,-0.03582218205843146,0.0010840934168136716,0.001082712740267893,-0.1273577096184808,0.0014299039528652814,0.0014298113460612628,-0.006476435276159265,0.017311893400207914,0.017324787520634436,0.0744812836380282,81.10847755039715,4.44569350480975,nan,0.9505333333333333,81.1029832962901,4.445692767603425,nan,0.9528
7,633135472,low,0.01,0.01,0.02,150.0,12.0,1.0,14.149400897367789,False,True,completed,,,True,False,0.46421472499224237,0.46409185065661523,-0.02646928867436893,0.0006862827047216771,0.0006864256974189104,0.020835829935617056,0.0008291724524114113,0.000828256448758123,-0.11047203155680752,0.033444309488419616,0.033444859805946976,0.0016454743296590024,514.7383566563922,4.7284619561554715,nan,0.9867333333333334,514.7408586811985,4.728462167085814,nan,0.9878666666666667
8,905728102,low,0.01,0.01,0.02,150.0,24.0,1.0,9.956004101461623,True,True,completed,,,True,True,0.5736570501098028,0.5735508563877387,-0.018511708701873797,0.0006737303695385326,0.0006741995224064214,0.06963510761881508,0.0009948602622612988,0.0009943106861267606,-0.0552415404841855,0.023168512489684358,0.023176279500079895,0.03352399252647409,6.808370269894801,0.00822064839214153,0.047760000000000025,0.0,4.41519397183289,0.0028662943597420436,0.032320000000000015,0.0
9,620504946,low,0.01,0.01,0.02,150.0,24.0,1.0,11.00564612326625,True,True,completed,,,True,True,0.5417433428560348,0.5419760521902995,0.04295564261813656,0.000724471504861709,0.0007242876380362856,-0.025379442005601938,0.0007801891713599621,0.0007801433868607629,-0.005868384345730782,0.025766384332965596,0.02573877845173225,-0.10713913476028125,6.111553384833215,0.006651370743271415,0.04380000000000006,0.0,4.408989023655415,0.002573223378175396,0.032240000000000046,0.0
10,77340754,low,0.01,0.01,0.02,150.0,48.0,1.0,5.547498357470508,True,True,completed,,,True,True,0.3871557972096064,0.38723574230247537,0.020649333794087177,0.0015115148602730614,0.0015110302819851212,-0.03205911504254866,0.0012117056142276089,0.0012123519349977487,0.05333975204462327,0.012459718380738524,0.012447600024918092,-0.0972602706588166,12.419387127175812,0.014072148549852167,0.07464000000000004,0.0,4.409336458687924,0.005329911302113086,0.032240000000000046,0.0
11,782840344,low,0.01,0.01,0.02,150.0,48.0,1.0,8.002755607436235,True,True,completed,,,True,True,0.2558828358185913,0.2557857295221954,-0.0379495154824383,0.0012807186990568258,0.00127925056592711,-0.11463353590425163,0.000997276454432836,0.0009976024106839105,0.03268464322261355,0.018769646064951004,0.01880016747568318,0.16261047558681074,8.274560712096129,0.007403910311159327,0.05676000000000003,0.0,4.420913232034957,0.0035389342272322097,0.032360000000000055,0.0
12,1705134902,low,0.01,0.01,0.02,600.0,12.0,1.0,13.724120875056432,False,True,completed,,,True,False,0.43318095528478934,0.43333154954567565,0.03476474647583494,0.0012223703739937175,0.0012215795268488909,-0.06469783313242106,0.0008803392962697296,0.000879809053705018,-0.06023161376055297,0.032441504385385345,0.03244252414817234,0.003143389328941204,499.6785042556177,4.719435370632755,nan,0.9856666666666667,499.68178337607145,4.719436455609899,nan,0.9868
13,493532552,low,0.01,0.01,0.02,600.0,12.0,1.0,13.624226674196233,False,True,completed,,,True,False,0.6099075277750345,0.6099795021602594,0.011800868483691218,0.001224023037122848,0.0012232180307342603,-0.06576725798232985,0.0006644607948431996,0.0006651037217458727,0.09675919296712188,0.03206714109923816,0.03206741361321417,0.0008498231107267884,497.45553522983585,4.7173118800302944,nan,0.9872666666666666,497.46064088753604,4.717313980505414,nan,0.9886666666666667
14,882232205,low,0.01,0.01,0.02,600.0,24.0,1.0,13.700663368980338,True,True,completed,,,True,True,0.45784622690663,0.45787211830359253,0.005655042116958775,0.001002837263779742,0.001002331469250788,-0.0504363516616646,0.001381846991031979,0.0013798585260677832,-0.14389906965828203,0.032364715103159976,0.03236452149497959,-0.0005982075843014023,4.830924375247876,0.003874663146934935,0.03524000000000005,0.1184,4.413609961658604,0.002048861210416345,0.03228000000000003,0.10426666666666666
15,1904389705,low,0.01,0.01,0.02,600.0,24.0,1.0,13.844293949121111,True,True,completed,,,True,False,0.39332330424823303,0.39330280729598893,-0.00521122242763683,0.0015458419522279081,0.0015450618705120163,-0.05046322586649277,0.0006706132083604736,0.0006706094185218984,-0.0005651303207288016,0.03276130308847165,0.03276025217858146,-0.003207778052527477,4.034646087717329,0.0031970487973901063,0.03204000000000001,0.408,4.27518860489007,0.002042378343438834,0.031720000000000026,0.3548
16,1243203704,low,0.01,0.01,0.02,600.0,48.0,1.0,8.064430608119673,True,True,completed,,,True,True,0.36738379116887193,0.3675080835241795,0.03383174715252402,0.0006822224419216804,0.0006823807955696725,0.023211439299197778,0.0006594295470284982,0.0006597079650702995,0.04222104439448593,0.018778422880917314,0.01877695027794595,-0.007841994935897656,8.31737405183245,0.00848640243118752,0.056560000000000055,0.0,4.413346218257695,0.003533552306999752,0.03228000000000003,0.0
17,1386273273,low,0.01,0.01,0.02,600.0,48.0,1.0,9.856880198891435,True,True,completed,,,True,True,0.4086989235272689,0.4088936028424355,0.04763391923972016,0.0013533761218642976,0.001354588059812148,0.08954923382133995,0.0009678448892777834,0.0009680879697044718,0.02511563881582024,0.023102116484144786,0.02310156589701019,-0.0023832757270247917,6.772883874436961,0.006656695095490934,0.048160000000000036,0.0,4.4135985485640505,0.0028709093258154454,0.03228000000000003,0.0
18,2000796744,low,0.01,0.01,0.02,1200.0,12.0,1.0,6.106629230766777,True,True,completed,,,True,True,0.35348866998209777,0.3534823092946091,-0.0017994034968604744,0.0010329083855701625,0.0010327601559376716,-0.01435070472480815,0.0008826641704535601,0.00088234043812459,-0.036676727095852346,0.013955081997773927,0.013953750536619569,-0.009541048591266144,11.142141310449347,0.011969963816104138,0.06948000000000004,0.00046666666666666666,4.413232209105362,0.0047591728903763845,0.03228000000000003,0.0002666666666666667
19,1280242288,low,0.01,0.01,0.02,1200.0,12.0,1.0,9.736262434970426,False,True,completed,,,True,False,0.38355214676617294,0.3835217980585658,-0.00791253754229837,0.0011653646383353868,0.0011639774962267802,-0.11903073621557514,0.0006184275250901263,0.0006183743616017187,-0.008596559216833555,0.02283791826511289,0.022826287659268456,-0.05092673381793533,293.73417160776444,4.5897429461519,nan,0.9731333333333333,293.7517094184905,4.589752955508365,nan,0.9725333333333334
20,1860905423,low,0.01,0.01,0.02,1200.0,24.0,1.0,9.996290579941778,True,True,completed,,,True,True,0.5669139349205868,0.5669665035142255,0.009272764418111201,0.0008563930564375731,0.0008563781621906837,-0.0017391835183011572,0.00122652039767961,0.0012269411042127548,0.03430081831012899,0.023272347343575174,0.023273077731494052,0.0031384368241571536,6.77407290910144,0.008170519800389034,0.04756000000000005,0.0,4.4138401802018485,0.0028519341392439237,0.03228000000000003,0.0
21,1326592039,low,0.01,0.01,0.02,1200.0,24.0,1.0,6.669558462475706,True,True,completed,,,True,True,0.3605713325678925,0.36066952987090056,0.02723380760991656,0.0006855787202166529,0.0006855203971442251,-0.00850712991928848,0.0010150545677931663,0.0010147767618054523,-0.027368576678388212,0.015342978412147133,0.015343444245801913,0.0030361357636454755,10.157870059589037,0.01094847601978137,0.06516000000000005,0.0,4.413780353913534,0.004327152503783453,0.03228000000000003,0.0
22,1506037378,low,0.01,0.01,0.02,1200.0,48.0,1.0,6.683132957135252,True,True,completed,,,True,True,0.32438377613716524,0.32447310342090174,0.02753753125395164,0.0014779021745582551,0.0014761253138454642,-0.12022857421682964,0.0011659691714141385,0.001164926465736735,-0.08942823729540805,0.015430812282016822,0.01542755883072198,-0.021084122049963572,10.083197697354244,0.010467245363842229,0.06500000000000006,0.0,4.412708102524491,0.004303232257304688,0.03228000000000003,0.0
23,1443092020,low,0.01,0.01,0.02,1200.0,48.0,1.0,14.836399207257898,True,True,completed,,,True,True,0.6761459657457631,0.6762026651508782,0.008385675281297189,0.0012121829545766601,0.001213826551878145,0.13558987075996676,0.001366158562609711,0.0013647663898369248,-0.10190418673852175,0.03495163799549479,0.034966839162523605,0.04349200180768786,4.519398639995312,0.004630919530932076,0.03240000000000004,0.0,4.415681332767405,0.001898588994542547,0.032320000000000015,0.0
24,1075594965,medium,0.08,0.05,0.05,0.0,12.0,1.0,14.024582324417604,False,True,estimator_failed,rotating_excitation,Rotating excitation requires at least 100 rpm,False,False,0.5681585448746576,,,0.0007863659281004568,,,0.0014037358644757806,,,0.03306504777338452,,,511.5759078407418,4.7258316498833945,nan,0.9874,,,,
25,1034792492,medium,0.08,0.05,0.05,0.0,12.0,1.0,10.148264853169781,False,True,estimator_failed,rotating_excitation,Rotating excitation requires at least 100 rpm,False,False,0.571995389409014,,,0.0014955923590288024,,,0.000692799888797286,,,0.023643296046476553,,,324.6933671946332,4.609010769292385,nan,0.9785333333333334,,,,
26,1264134084,medium,0.08,0.05,0.05,0.0,24.0,1.0,9.088011638204081,True,True,estimator_failed,rotating_excitation,Rotating excitation requires at least 100 rpm,False,False,0.3019590334750083,,,0.0014373659270478499,,,0.0007647068265227747,,,0.02135276913689824,,,7.29333904810206,0.006382433683936888,0.051480000000000026,0.0,,,,
27,478169793,medium,0.08,0.05,0.05,0.0,24.0,1.0,14.79371613563275,False,True,estimator_failed,rotating_excitation,Rotating excitation requires at least 100 rpm,False,False,0.3137577731203828,,,0.0010832866296563702,,,0.001138111445662642,,,0.035100807950208694,,,64.7920912871519,4.718102643959949,nan,0.9634666666666667,,,,
28,1637635985,medium,0.08,0.05,0.05,0.0,48.0,1.0,11.095958911617913,True,True,estimator_failed,rotating_excitation,Rotating excitation requires at least 100 rpm,False,False,0.39958821263541794,,,0.0009661896926863953,,,0.0008269780670607657,,,0.026119633595303768,,,5.985482535795412,0.00528451482768568,0.043440000000000034,0.0,,,,
29,579290699,medium,0.08,0.05,0.05,0.0,48.0,1.0,15.198194524049443,True,True,estimator_failed,rotating_excitation,Rotating excitation requires at least 100 rpm,False,False,0.44512420826619886,,,0.0010898028869193274,,,0.0014552198207021245,,,0.035983083233717794,,,4.335025408811168,0.002910606437409421,0.031240000000000046,0.0,,,,
30,1250083830,medium,0.08,0.05,0.05,150.0,12.0,1.0,14.071399446009245,False,True,completed,,,True,False,0.4606458098881915,0.4590086242013353,-0.35541095820529334,0.001223815298934257,0.0012036642884859729,-1.6465728501541266,0.0009524529053139658,0.0009452411891435134,-0.7571729930389681,0.03325849503089284,0.03332843190865629,0.21028274941028435,512.2700335737989,4.72699904653915,nan,0.9865333333333334,512.2729106920303,4.7269998786143566,nan,0.9877333333333334
31,1250480851,medium,0.08,0.05,0.05,150.0,12.0,1.0,12.524120843126306,False,True,completed,,,True,False,0.5101028280357263,0.5088564182226885,-0.24434481530662966,0.0007948379605588718,0.0007843789424098887,-1.315867971583673,0.0007179335666370868,0.0007117109835634363,-0.8667352193599265,0.029481817853419984,0.02951150533176115,0.10069758414752439,452.2371407996392,4.689734100578916,nan,0.9842666666666666,452.2421489811768,4.689735509037068,nan,0.9852
32,1404817964,medium,0.08,0.05,0.05,150.0,24.0,1.0,9.02690899588088,True,True,completed,,,True,True,0.4480034285606956,0.447798572401144,-0.045726471382090406,0.0009989864748624908,0.0009792247415685322,-1.9781782627916744,0.0009531966619306916,0.0009370099389352242,-1.6981514562463218,0.02103281147350254,0.021095992137018956,0.3003909562732998,7.454077920631216,0.008095249043174966,0.05180000000000001,0.0,4.4268753425881755,0.003170362529790196,0.03240000000000004,0.0
33,710680331,medium,0.08,0.05,0.05,150.0,24.0,1.0,10.77671619430534,True,True,completed,,,True,True,0.6120545425422015,0.6123092625967472,0.041617214944245084,0.0010653686122146166,0.0010429300726093537,-2.1061761486119934,0.0007442927602319629,0.0007390384842319906,-0.7059421078252637,0.025139998115684174,0.025115487049029876,-0.09749828357785706,6.287872391746828,0.007508428709794721,0.04468000000000005,0.0,4.409376728169122,0.002640446637033523,0.032240000000000046,0.0
34,2125053990,medium,0.08,0.05,0.05,150.0,48.0,1.0,14.220446346238113,True,True,completed,,,True,True,0.2771203997172875,0.27643248577189544,-0.24823648713478974,0.0009500090569693523,0.0009378436050246462,-1.280561680487069,0.0009473539468648519,0.0009350810948805027,-1.2954875023178714,0.0337500720247262,0.033935599015035525,0.5497084278024866,4.591575723820445,0.00214309786713639,0.03384000000000004,0.0,4.4383893703230815,0.001997547335562441,0.032480000000000064,0.0
35,1748627139,medium,0.08,0.05,0.05,150.0,48.0,1.0,8.620798595755378,True,True,completed,,,True,True,0.5284419901417261,0.5280042520734912,-0.08283559527839657,0.0009157782487563594,0.0008976291974542169,-1.9818172496222974,0.0006440797809966464,0.0006377954001879633,-0.9757146543179163,0.019940423301531604,0.020037731075707554,0.48799252004081417,7.896656530696129,0.00945687012409608,0.053840000000000054,0.0,4.435209126717685,0.0033394902376469456,0.032480000000000064,0.0
36,230819007,medium,0.08,0.05,0.05,600.0,12.0,1.0,9.286544268139993,False,True,completed,,,True,False,0.46095790789912683,0.4605080633644365,-0.09758906984382865,0.0011301938145591643,0.0011020973914567561,-2.485982735037995,0.0010807010204066702,0.0010576820814591544,-2.130000667423604,0.021652039571970025,0.02158566030039755,-0.30657283509867295,261.1357349071336,4.567716519131506,nan,0.9727333333333333,261.14929477446407,4.567721221530961,nan,0.9723333333333334
37,1524231901,medium,0.08,0.05,0.05,600.0,12.0,1.0,11.657237183580019,False,True,completed,,,True,False,0.4849745827448616,0.4857552248305087,0.16096556673730333,0.0009979250494495822,0.0009752404488570315,-2.2731767886839505,0.001078874664652191,0.001063283869052715,-1.4450979442085843,0.02740091298895333,0.027348218914791615,-0.19230773143565916,411.6501397664325,4.664276487065359,nan,0.9818666666666667,411.65565456070556,4.664277613081079,nan,0.9828666666666667
38,873096006,medium,0.08,0.05,0.05,600.0,24.0,1.0,11.191535877339293,True,True,completed,,,True,True,0.6907258583944338,0.6924907802930598,0.25551698654058264,0.000715988897951782,0.000704667736741507,-1.5811922842185577,0.0009255920726066997,0.00091217422871512,-1.4496498283300685,0.02607812947760771,0.026082442562584286,0.01653908874208465,6.08350898417545,0.00784790681783309,0.04316000000000003,0.0,4.4142669243716215,0.002543792689590277,0.03228000000000003,0.0
39,670044137,medium,0.08,0.05,0.05,600.0,24.0,1.0,10.320857086163604,True,True,completed,,,True,True,0.6083989086181567,0.608710967166859,0.05129176668168256,0.001197244425651753,0.0011515944334745838,-3.812921672391034,0.0007116591260703701,0.0007079133166550294,-0.5263488204000577,0.02402819257554148,0.024033137300331017,0.020578846178254118,6.579139110555408,0.007983313316575723,0.04640000000000005,0.0,4.4145812695495605,0.0027633692416632926,0.03228000000000003,0.0
40,672665695,medium,0.08,0.05,0.05,600.0,48.0,1.0,9.25630915505191,True,True,completed,,,True,True,0.643501634466872,0.6433591070139627,-0.022148732073912214,0.0006577321322429653,0.0006460560740197565,-1.7751996064707676,0.0010555676466052744,0.001031538938639159,-2.2763778374026655,0.0213675835730968,0.021371741379992582,0.019458479624323566,7.4082906577392755,0.009927185566740777,0.05084000000000005,0.0,4.414446600198576,0.003118418125855298,0.03228000000000003,0.0
41,1376508713,medium,0.08,0.05,0.05,600.0,48.0,1.0,13.225655844593165,True,True,completed,,,True,True,0.45604967994384193,0.45590271774531926,-0.032225041478106675,0.0013822768726567097,0.0013404746487455789,-3.0241570801070927,0.0006131143740924615,0.0006093515265537458,-0.6137268506036242,0.031221853813840444,0.031178825129039297,-0.13781591912416236,5.016069410907329,0.0039180559860583575,0.036800000000000055,0.0,4.407705484707205,0.0021225342975606,0.032240000000000046,0.0
42,803896587,medium,0.08,0.05,0.05,1200.0,12.0,1.0,11.231606076107795,False,True,completed,,,True,False,0.7434062087557263,0.7453261887972908,0.2582679588832182,0.0007155667483107889,0.0007028560117172228,-1.7763173908754037,0.0011582813122601949,0.0011263726219045843,-2.754830801279695,0.026125088544783272,0.026059787687340838,-0.2499545880217613,391.58613524110433,4.650196768901147,nan,0.9844,391.59222410877584,4.650196579955968,nan,0.9866
43,582881539,medium,0.08,0.05,0.05,1200.0,12.0,1.0,6.516686439812595,True,True,completed,,,True,True,0.4406157788256071,0.44176193546962245,0.2601261005836575,0.0014552659607928204,0.00140721444946988,-3.301905810863748,0.0012381303779786098,0.0012101359156193048,-2.2610270176077307,0.014819238310645327,0.01461972391517239,-1.3463201771282463,10.545495887090595,0.012472592136268298,0.06652000000000002,0.04306666666666667,4.353976300161978,0.004499936804610636,0.031720000000000026,0.023333333333333334
44,2083205424,medium,0.08,0.05,0.05,1200.0,24.0,1.0,11.296020372160992,True,True,completed,,,True,True,0.6649449872480659,0.6652954115358412,0.05269974125610144,0.0010339433465634726,0.0010081973113088883,-2.4900818154260262,0.0007687533242012171,0.0007631195250111236,-0.7328487582082932,0.026358677311868563,0.02625623446660322,-0.3886494153453435,6.011937884511991,0.007431694009044379,0.042840000000000045,0.0,4.396534114556244,0.002514870322589184,0.03212000000000004,0.0
45,2135140322,medium,0.08,0.05,0.05,1200.0,24.0,1.0,10.505838106049447,True,True,completed,,,True,True,0.5552442092406777,0.555107741998756,-0.024577877562803607,0.00139732149934426,0.0013482087870014417,-3.514775401785919,0.001191725546252269,0.0011675117158316537,-2.0318294339466636,0.02453146500367201,0.02427239716436617,-1.056063464889112,6.422126374356674,0.007418337127285669,0.04560000000000003,0.0,4.366986797956273,0.0027053087388239955,0.031840000000000035,0.0
46,1309381472,medium,0.08,0.05,0.05,1200.0,48.0,1.0,12.41890475354664,True,True,completed,,,True,True,0.6003675976819327,0.6003605173926176,-0.0011793256901926341,0.0011383882206558202,0.0011236838143867398,-1.2916864389732718,0.0009895620614245254,0.0009686656988672689,-2.111677819092528,0.029150427984205807,0.029055779497503077,-0.324689869918926,5.412502074863686,0.005828089153806123,0.03916000000000003,0.0,4.399302789939574,0.0022781343351915844,0.03216000000000002,0.0
47,487818123,medium,0.08,0.05,0.05,1200.0,48.0,1.0,9.323625533405965,True,True,completed,,,True,True,0.49865894653040993,0.4988164841901914,0.03159226579161345,0.001029785060435699,0.001000971155643092,-2.798050379602124,0.0012345694898326612,0.0012172775918670462,-1.400641932918567,0.021698166732443454,0.021540869048837362,-0.7249353622621912,7.241216056193567,0.008343420203650531,0.050400000000000056,0.0,4.38159776382658,0.0030615339995347978,0.03200000000000003,0.0
48,1716620246,high,0.4,0.2,0.1,0.0,12.0,1.0,8.079586399839028,False,True,estimator_failed,rotating_excitation,Rotating excitation requires at least 100 rpm,False,False,0.5577787136209036,,,0.000756694688475376,,,0.0010128320873909378,,,0.01855755138458341,,,148.6096137106472,4.492564319120528,nan,0.9676666666666667,,,,
49,1815306255,high,0.4,0.2,0.1,0.0,12.0,1.0,12.019239670683532,False,True,estimator_failed,rotating_excitation,Rotating excitation requires at least 100 rpm,False,False,0.295129480890766,,,0.0008863989085818094,,,0.0014291378013896834,,,0.028439660182056,,,427.7559544100123,4.674966212615736,nan,0.9805333333333334,,,,
50,557620700,high,0.4,0.2,0.1,0.0,24.0,1.0,14.183733780928586,False,True,estimator_failed,rotating_excitation,Rotating excitation requires at least 100 rpm,False,False,0.6853452606948067,,,0.001411827243295246,,,0.0012605356671065364,,,0.03336479208198298,,,24.56380426664856,3.640282695402218,nan,0.9636666666666667,,,,
51,1021296352,high,0.4,0.2,0.1,0.0,24.0,1.0,10.599992772555472,True,True,estimator_failed,rotating_excitation,Rotating excitation requires at least 100 rpm,False,False,0.36277339936870995,,,0.0013719280245640898,,,0.0011610431940863135,,,0.02495144501266043,,,6.253106184566075,0.005537539270032001,0.04520000000000002,0.0,,,,
52,167873498,high,0.4,0.2,0.1,0.0,48.0,1.0,12.786468081330502,True,True,estimator_failed,rotating_excitation,Rotating excitation requires at least 100 rpm,False,False,0.6227925280707249,,,0.0012711109031733267,,,0.00102345184912516,,,0.03002441574284281,,,5.259379738464,0.005692537321650173,0.03804000000000002,0.0,,,,
53,1055784127,high,0.4,0.2,0.1,0.0,48.0,1.0,14.557425324966816,True,True,estimator_failed,rotating_excitation,Rotating excitation requires at least 100 rpm,False,False,0.40729428472841983,,,0.0007449135238189835,,,0.0009141148968394076,,,0.0344679451980774,,,4.523716639199198,0.0028411342879357724,0.03300000000000003,0.0,,,,
54,44122233,high,0.4,0.2,0.1,150.0,12.0,1.0,11.821626138508442,False,True,completed,,,False,False,0.3717952232232032,0.37223299841130025,0.11774631860568263,0.0008354678498268741,0.0005884152867066441,-29.570564944111766,0.0010625810940211255,0.0007992911578478682,-24.778338110354404,0.027898791727130882,0.028078463067721462,0.6440111899751244,418.5904680850169,4.6691571274734285,nan,0.9808666666666667,418.5968277639186,4.66915779817227,nan,0.9814
55,197179595,high,0.4,0.2,0.1,150.0,12.0,1.0,6.98852966529783,False,True,completed,,,False,False,0.6621255036172038,0.6596186132446279,-0.3786125679921315,0.0008978636594845445,0.0006178376733545214,-31.188029849741717,0.0012413833403027456,0.0007184875687558897,-42.1220226315695,0.015646501942272545,0.01608281324702316,2.7885549521572184,14.448580033003719,0.6208724654156104,nan,0.7368666666666667,11.978282964747562,1.5307894004997589,nan,0.6299333333333333
56,1942060600,high,0.4,0.2,0.1,150.0,24.0,1.0,6.81138216907232,True,True,completed,,,False,False,0.6687120366583621,0.6643650119188594,-0.6500592932684901,0.0007006398247948626,0.0005349880355805547,-23.642930840080123,0.0009478780337538303,0.0006736473946506717,-28.931004764097946,0.015189533784292171,0.015878477663940703,4.53564862116429,10.418953134481432,0.015009311465151838,0.06496000000000002,0.0,4.612340255624829,0.004554423220089351,0.034080000000000055,0.0
57,1426659365,high,0.4,0.2,0.1,150.0,24.0,1.0,9.172983808288077,True,True,completed,,,False,False,0.6454724859890257,0.6416152129593065,-0.5975890705564257,0.001236781992720866,0.0006676132969328478,-46.02013120646041,0.000842305148113991,0.0005878012981682371,-30.215160208341906,0.021161288827516535,0.021885894276547704,3.4242028211861397,7.484083142090802,0.009960478358747506,0.05124000000000006,0.0,4.563322337857076,0.0033048919268808927,0.03364000000000006,0.0
58,1981238964,high,0.4,0.2,0.1,150.0,48.0,1.0,11.195028225960245,True,True,completed,,,False,False,0.5865340308786611,0.5814048233758783,-0.8744944423938916,0.001315489618090125,0.0007459254926945874,-43.296740435127965,0.0009813330975247032,0.0006806852779207917,-30.636673761667677,0.026184524049809768,0.027236440865964735,4.017322652701072,6.026210441822805,0.006875133024777171,0.04312000000000005,0.0,4.5894387053444845,0.0027516715395263986,0.03384000000000004,0.0
59,1134623509,high,0.4,0.2,0.1,150.0,48.0,1.0,9.85224555344459,True,True,completed,,,False,False,0.5570696147585118,0.551035370593399,-1.083211865312128,0.0014599957969942835,0.0007811510899280855,-46.49634666508947,0.0007442015644563563,0.0005639124447064596,-24.225845303294825,0.022933778700931558,0.02420364396934269,5.537095674336268,6.876057986518218,0.008034619879290696,0.048280000000000045,0.0,4.65705490028493,0.003086037954929446,0.034440000000000026,0.0
60,1092072821,high,0.4,0.2,0.1,600.0,12.0,1.0,7.014211888185299,False,True,completed,,,False,False,0.5614867082152931,0.5632978161011599,0.3225557897218012,0.0007568736445937867,0.0005516253362720454,-27.11790928218908,0.0013619562379965325,0.0007972947754220619,-41.459589289381285,0.015871648165764748,0.015658177668450356,-1.3449800240333487,16.68437983450955,0.8283615935613383,nan,0.766,15.955525403753986,2.229396530174316,nan,0.6362
61,1988628809,high,0.4,0.2,0.1,600.0,12.0,1.0,8.630264157208742,False,True,completed,,,False,False,0.614627049685952,0.6089931086227532,-0.9166438519224829,0.0015428943788391414,0.0007436443861301092,-51.80199005653129,0.0006845507577655371,0.0005068101779097209,-25.964558192293087,0.019855498203094,0.019313969321445926,-2.7273497552616877,204.8808485064631,4.5313898056676525,nan,0.9724666666666667,204.929200881707,4.531417593518086,nan,0.9720666666666666
62,1690157160,high,0.4,0.2,0.1,600.0,24.0,1.0,9.926176547256985,True,True,completed,,,False,False,0.27521777965907973,0.2790621736862454,1.396855258380425,0.0010963378166416035,0.0007286039231374127,-33.54202399317621,0.001178606573670349,0.0008471375705645855,-28.12380403356498,0.023408679423625144,0.023541362373635806,0.5668109149153944,6.638064184126282,0.0054382768380689065,0.047800000000000065,0.0,4.435020472107147,0.0031692635600294285,0.032440000000000024,0.0
63,1333633916,high,0.4,0.2,0.1,600.0,24.0,1.0,9.786653001568377,True,True,completed,,,False,False,0.4306078887106675,0.4231509256893172,-1.7317293103194298,0.0012754638951224674,0.0007804635685987348,-38.80943462348683,0.0012761843259335311,0.0008215272762542871,-35.62628379302979,0.022904819004792788,0.02297986378903956,0.32763753440299137,6.835739593155202,0.007095498890249001,0.048400000000000054,0.0,4.425619512986921,0.0033043340707950624,0.032360000000000055,0.0
64,849180694,high,0.4,0.2,0.1,600.0,48.0,1.0,9.721450136817763,True,True,completed,,,False,False,0.7446382545270218,0.7343915152261984,-1.376069418745074,0.0006656521589214253,0.0004600093258349529,-30.893437410265623,0.0013933238772851466,0.0007592992037284855,-45.50447199627704,0.022399925495384086,0.02247102980461029,0.3174310077096454,7.101915136698555,0.010419789815683735,0.048760000000000026,0.0,4.425441854250959,0.003304960327942629,0.032360000000000055,0.0
65,1589105706,high,0.4,0.2,0.1,600.0,48.0,1.0,6.108329398469723,True,True,completed,,,False,False,0.601512640801202,0.6034902168731751,0.32876716760914526,0.0008294698359503894,0.0005812685692077311,-29.922880373133086,0.0008476504835830663,0.0006212386849085039,-26.7105137152175,0.013496460992431816,0.013790484860977741,2.1785256795155528,11.653732098228406,0.015878517128599272,0.07048000000000004,0.0,4.508102830172934,0.005074613160081377,0.03316000000000002,0.0
66,1855173957,high,0.4,0.2,0.1,1200.0,12.0,1.0,14.887029279718622,False,True,completed,,,False,False,0.4010784205580475,0.39971733478972893,-0.3393565194618975,0.0014847000139078873,0.0007557988753703836,-49.094169307573374,0.0013192937114548066,0.0008604766063888616,-34.77747988050363,0.03526450775662418,0.02450662777983639,-30.506253060535073,538.708268798835,4.743266238049009,nan,0.9872,538.7118273750858,4.743266797851858,nan,0.9878
67,852576408,high,0.4,0.2,0.1,1200.0,12.0,1.0,5.439745677395383,True,True,completed,,,False,False,0.44958827362041665,0.44578113903243266,-0.8468046902838755,0.0011206110130712195,0.0007499288474634462,-33.078575998629326,0.0012974348325435012,0.0008377348699432795,-35.431449123269054,0.012042694058799305,0.010721599477839766,-10.970091696336393,12.842033637286404,0.015507006063469875,0.07612000000000002,0.0006666666666666666,3.9276268150873226,0.006448035019612617,0.02744000000000002,0.0034666666666666665
68,1210978346,high,0.4,0.2,0.1,1200.0,24.0,1.0,6.845507413336477,True,True,completed,,,False,False,0.6653328624107266,0.6626699380956121,-0.4002394088074679,0.0010558245286978326,0.0006222294440955504,-41.06696452080374,0.0013016517832889823,0.0007305033799999751,-43.87874012248062,0.015271591949553283,0.014698751647500223,-3.7510189110953607,10.35923341798327,0.01500574370879311,0.06468000000000002,0.0,4.245641435872249,0.004868717231150548,0.03068000000000004,0.0
69,1073572273,high,0.4,0.2,0.1,1200.0,24.0,1.0,7.483654956554346,True,True,completed,,,False,False,0.6255145695006956,0.6193031459456328,-0.9930102123793749,0.0012355999525096352,0.0007526055385215645,-39.08986990547042,0.0007387387022640942,0.0005365604460820589,-27.368033590550645,0.016973834637659436,0.016190434741634847,-4.6153383295397425,9.316677373910561,0.012685936041805377,0.06032000000000004,0.0,4.209453271661084,0.004103617538405893,0.030320000000000014,0.0
70,372673579,high,0.4,0.2,0.1,1200.0,48.0,1.0,6.742236566155916,True,True,completed,,,False,False,0.5120431890586845,0.5085627183465933,-0.6797220989287145,0.0013445844990548485,0.0007391645603071581,-45.02654456995893,0.0010453620391058824,0.000728666757112216,-30.295272847724764,0.015274527400364703,0.014437291139250984,-5.481258039405712,10.281131409975046,0.012879377295048322,0.06504000000000004,0.0,4.170151319845706,0.004726868735835302,0.029960000000000042,0.0
71,1307829911,high,0.4,0.2,0.1,1200.0,48.0,1.0,14.742808017142984,True,True,completed,,,False,False,0.4457364466524904,0.4474160531583266,0.37681605766146653,0.000828234171259224,0.0006256210111318609,-24.463269828545688,0.0010592137224582415,0.0007796846300884569,-26.390244616643432,0.034887114672698116,0.03194854330739824,-8.423085121451834,4.47621872683988,0.003031675376026775,0.03252000000000005,0.0,4.038999346400684,0.0017990336864421896,0.028760000000000063,0.0
72,195112086,none,0.0,0.0,0.0,600.0,24.0,0.0,10.264289619798861,True,True,estimator_failed,joint_identification,Excitation does not identify all three parameters,False,False,0.5,,,0.0011,,,0.0009,,,0.024,,,6.54885182649271,0.007070345850053856,0.046560000000000046,0.0,,,,
