parameter,mismatch_pct,plant_value,controller_value,speed_rmse_rpm,iq_tracking_rmse_a,max_post_step_speed_deviation_rpm,disturbance_recovery_time_s
nominal,0,,,128.70361235603727,0.10463036477178256,14.315120191845153,0.03230000000000005
Rs,-40,0.24,0.4,127.60959892559073,0.10079661766072684,14.143674124406061,0.03240000000000004
Rs,-20,0.32000000000000006,0.4,128.15943678508586,0.10228538677771903,14.228344083129173,0.032360000000000055
Rs,20,0.48,0.4,129.24227937486913,0.10771064803335774,14.403864028483895,0.03226000000000001
Rs,40,0.5599999999999999,0.4,129.77555366612356,0.11140903596221514,14.49443410256174,0.03220000000000006
Ld,-40,0.0006,0.001,128.70367894698836,0.10463031324663766,14.315135174852912,0.03230000000000005
Ld,-20,0.0008,0.001,128.70364629501236,0.1046303385217598,14.31512778546255,0.03230000000000005
Ld,20,0.0012,0.001,128.70357767326888,0.10463039179406922,14.315112380852383,0.03230000000000005
Ld,40,0.0014,0.001,128.7035425066045,0.10463041943219709,14.31510433167125,0.03230000000000005
Lq,-40,0.0006,0.001,128.52583766154893,0.08509173391036273,14.34187441138863,0.032360000000000055
Lq,-20,0.0008,0.001,128.6079314769067,0.09534006109180573,14.32844224521807,0.032340000000000035
Lq,20,0.0012,0.001,128.81305095509947,0.11319834241746206,14.301871992992119,0.03228000000000003
Lq,40,0.0014,0.001,128.9364130652452,0.12119777547887403,14.288654620531588,0.032240000000000046
psi_f,-40,0.015,0.025,163.1654869255059,0.11065249355711539,21.72864284039929,0.053100000000000036
psi_f,-20,0.020000000000000004,0.025,142.41111816520643,0.10736152950036408,17.243044802765553,0.04126000000000002
psi_f,20,0.03,0.025,118.94381072727187,0.10448097461574947,12.230144478489024,0.024900000000000033
psi_f,40,0.034999999999999996,0.025,111.65193649187042,0.10855499051201183,10.657192199779729,0.017860000000000043
