case_id,original_status,commissioning_accepted,status,steady_state_feasible,current_feasible,voltage_feasible,requested_speed_rpm,requested_load_torque_nm,required_torque_nm,required_id_a,required_iq_a,required_current_magnitude_a,current_limit_a,current_margin_a,current_utilization,required_vd_v,required_vq_v,required_voltage_magnitude_v,voltage_limit_v,voltage_margin_v,voltage_utilization,electrical_speed_rad_s,reasons,assumptions,oracle_steady_state_feasible,closed_loop_dynamic_success,oracle_dynamic_success,original_speed_rmse_rpm,original_saturation_fraction
0,accepted,True,evaluated,False,True,False,1000,0.05,0.09963307348298414,0.0,0.6005106373577519,0.6005106373577519,5,4.399489362642248,0.12010212747155039,-0.3526738746029965,11.916482735479093,11.921700367263002,6.92820323027551,-4.993497136987492,1.7207492290593385,418.87902047863906,"('operating.voltage_limit',)","('Forward motoring: nonnegative requested speed and external resisting load.', 'Steady state with id=0; no field weakening or MTPA.', 'Known requested external load, constant viscous friction, and accepted point estimates.', 'Ideal linear SVPWM phase-neutral peak dq voltage limit Vdc/sqrt(3).', 'Current limit is a configured simulation/design constraint, not a hardware rating.', 'No guarantee of transient tracking, parameter uncertainty coverage, or hardware safety.')",False,False,False,425.8768854072151,0.9816
1,accepted,True,evaluated,False,True,False,1000,0.05,0.09306548132487219,0.0,1.0111837474268586,1.0111837474268586,5,3.9888162525731414,0.2022367494853717,-0.6329875123117547,7.060599914025868,7.088917007320986,6.92820323027551,-0.1607137770454763,1.0231970356099218,418.87902047863906,"('operating.voltage_limit',)","('Forward motoring: nonnegative requested speed and external resisting load.', 'Steady state with id=0; no field weakening or MTPA.', 'Known requested external load, constant viscous friction, and accepted point estimates.', 'Ideal linear SVPWM phase-neutral peak dq voltage limit Vdc/sqrt(3).', 'Current limit is a configured simulation/design constraint, not a hardware rating.', 'No guarantee of transient tracking, parameter uncertainty coverage, or hardware safety.')",False,False,False,33.08800565224042,0.7823333333333333
2,quality_rejected,False,commissioning_unavailable,,,,,,,,,,,,,,,,,,,,,,,,,,
3,accepted,True,evaluated,True,True,True,1000,0.05,0.058712910358942993,0.0,0.4200794472493995,0.4200794472493995,5,4.5799205527506,0.0840158894498799,-0.25856685156653736,10.010230134677599,10.013569002405513,13.85640646055102,3.8428374581455067,0.7226670948859644,418.87902047863906,(),"('Forward motoring: nonnegative requested speed and external resisting load.', 'Steady state with id=0; no field weakening or MTPA.', 'Known requested external load, constant viscous friction, and accepted point estimates.', 'Ideal linear SVPWM phase-neutral peak dq voltage limit Vdc/sqrt(3).', 'Current limit is a configured simulation/design constraint, not a hardware rating.', 'No guarantee of transient tracking, parameter uncertainty coverage, or hardware safety.')",True,True,True,3.2769356154322047,3.3333333333333335e-05
4,quality_rejected,False,commissioning_unavailable,,,,,,,,,,,,,,,,,,,,,,,,,,
5,accepted,True,evaluated,False,True,False,1000,0.05,0.07172621892644787,0.0,0.398939799824003,0.398939799824003,5,4.601060200175997,0.0797879599648006,-0.142440659638121,12.772032453800966,12.77282671699821,6.92820323027551,-5.844623486722701,1.84359873584284,418.87902047863906,"('operating.voltage_limit',)","('Forward motoring: nonnegative requested speed and external resisting load.', 'Steady state with id=0; no field weakening or MTPA.', 'Known requested external load, constant viscous friction, and accepted point estimates.', 'Ideal linear SVPWM phase-neutral peak dq voltage limit Vdc/sqrt(3).', 'Current limit is a configured simulation/design constraint, not a hardware rating.', 'No guarantee of transient tracking, parameter uncertainty coverage, or hardware safety.')",False,False,False,463.7074420448,0.9829
6,quality_rejected,False,commissioning_unavailable,,,,,,,,,,,,,,,,,,,,,,,,,,
7,accepted,True,evaluated,False,True,False,1000,0.05,0.09436530077149907,0.0,0.43903696585453017,0.43903696585453017,5,4.56096303414547,0.08780739317090604,-0.16333442247489566,15.124843446552223,15.125725351740291,13.85640646055102,-1.2693188911892719,1.0916052004394505,418.87902047863906,"('operating.voltage_limit',)","('Forward motoring: nonnegative requested speed and external resisting load.', 'Steady state with id=0; no field weakening or MTPA.', 'Known requested external load, constant viscous friction, and accepted point estimates.', 'Ideal linear SVPWM phase-neutral peak dq voltage limit Vdc/sqrt(3).', 'Current limit is a configured simulation/design constraint, not a hardware rating.', 'No guarantee of transient tracking, parameter uncertainty coverage, or hardware safety.')",False,False,False,85.1384809316306,0.9127333333333333
8,quality_rejected,False,commissioning_unavailable,,,,,,,,,,,,,,,,,,,,,,,,,,
9,quality_rejected,False,commissioning_unavailable,,,,,,,,,,,,,,,,,,,,,,,,,,
10,quality_rejected,False,commissioning_unavailable,,,,,,,,,,,,,,,,,,,,,,,,,,
11,quality_rejected,False,commissioning_unavailable,,,,,,,,,,,,,,,,,,,,,,,,,,
12,estimator_failed,False,commissioning_unavailable,,,,,,,,,,,,,,,,,,,,,,,,,,
